id,first_name,last_name,email,gender,ip_address,date,salary
1,Hinda,Morican,hmorican0@blinklist.com,Bigender,140.102.89.203,09/11/2021,1323
2,Marwin,McMakin,mmcmakin1@nydailynews.com,Male,102.95.205.140,26/08/2021,1395
3,Orson,Endrici,oendrici2@slate.com,Male,203.115.109.211,30/05/2021,1393
4,Sauncho,Loughman,sloughman3@soundcloud.com,Genderqueer,243.214.38.13,20/03/2021,1472
5,Darsey,Thursby,dthursby4@w3.org,Male,241.181.212.135,03/01/2021,1291
6,Waylan,Gianneschi,wgianneschi5@biblegateway.com,Non-binary,188.250.192.108,27/09/2021,1497
7,Garik,Joret,gjoret6@com.com,Female,238.222.66.162,16/09/2021,1261
8,Waldemar,Cess,wcess7@earthlink.net,Polygender,151.187.87.118,13/10/2021,1469
9,D'arcy,Shales,dshales8@ucla.edu,Genderqueer,122.219.106.1,11/11/2021,1319
10,Hugues,Buten,hbuten9@mayoclinic.com,Female,221.183.84.170,28/02/2021,1268
11,Tome,Lusher,tlushera@bbb.org,Genderfluid,254.3.30.110,16/07/2021,1458
12,Charita,Sindall,csindallb@skyrock.com,Female,5.158.246.47,10/04/2021,1365
13,Vannie,Kunath,vkunathc@soup.io,Agender,26.250.76.0,19/05/2021,1424
14,Kienan,Morten,kmortend@infoseek.co.jp,Male,5.205.234.37,23/07/2021,1443
15,Murdoch,Furtado,mfurtadoe@usgs.gov,Agender,38.30.71.78,05/05/2021,1232
16,Paulie,Georgel,pgeorgelf@cloudflare.com,Non-binary,238.46.144.137,29/01/2021,1307
17,Valentine,Ort,vortg@smugmug.com,Female,30.168.17.77,20/12/2021,1425
18,Alley,Tillot,atilloth@4shared.com,Male,226.100.242.142,15/08/2021,1438
19,Sunshine,Cominoli,scominolii@blogtalkradio.com,Non-binary,188.222.223.40,09/01/2021,1341
20,Reinald,Brand-Hardy,rbrandhardyj@123-reg.co.uk,Non-binary,103.214.135.12,21/06/2021,1250
21,Renell,Werny,rwernyk@baidu.com,Non-binary,66.127.2.25,06/11/2021,1314
22,Hale,Churcher,hchurcherl@utexas.edu,Female,25.197.228.142,10/02/2021,1441
23,Sacha,Rubery,sruberym@list-manage.com,Male,67.105.251.101,21/06/2021,1278
24,Jude,Andrelli,jandrellin@themeforest.net,Bigender,16.94.3.58,03/12/2021,1354
25,Batsheva,Do Rosario,bdorosarioo@apple.com,Polygender,171.196.7.48,26/02/2021,1255
26,Rina,O' Cloney,rocloneyp@indiegogo.com,Genderqueer,75.35.136.206,26/02/2021,1316
27,Claudianus,Markel,cmarkelq@domainmarket.com,Male,199.88.17.129,02/09/2021,1290
28,Hurley,McDonogh,hmcdonoghr@ow.ly,Non-binary,81.154.129.142,15/06/2021,1348
29,Rafe,Inott,rinotts@pen.io,Agender,53.174.178.56,16/08/2021,1271
30,Sonny,Kleisel,skleiselt@tuttocitta.it,Polygender,83.102.63.67,12/08/2021,1416
31,Gwenni,Kear,gkearu@wikia.com,Non-binary,98.63.10.23,20/11/2021,1467
32,Maren,Warbys,mwarbysv@umn.edu,Genderqueer,44.60.167.110,07/06/2021,1207
33,Retha,Deeson,rdeesonw@independent.co.uk,Male,119.185.251.134,14/02/2021,1212
34,Thayne,Keelinge,tkeelingex@ustream.tv,Agender,31.211.243.198,03/02/2021,1395
35,Sigismond,Sherer,ssherery@bizjournals.com,Agender,50.221.73.76,16/02/2021,1498
36,Augusto,Krzysztofiak,akrzysztofiakz@github.com,Bigender,80.31.239.116,09/04/2021,1274
37,Jimmy,Schuh,jschuh10@g.co,Female,220.81.25.15,02/08/2021,1420
38,Vivi,Poag,vpoag11@usgs.gov,Genderfluid,158.70.58.12,05/09/2021,1265
39,Vilma,Rothera,vrothera12@webs.com,Agender,224.197.226.39,26/07/2021,1495
40,Skipton,Northleigh,snorthleigh13@ca.gov,Female,68.210.73.118,13/02/2021,1403
41,Darleen,Johannes,djohannes14@google.fr,Polygender,191.114.214.117,08/02/2021,1275
42,Viva,Merrydew,vmerrydew15@chronoengine.com,Non-binary,5.174.222.236,06/01/2021,1211
43,Melinda,Rowes,mrowes16@typepad.com,Female,154.52.3.213,21/04/2021,1421
44,Gale,MacAndie,gmacandie17@ucoz.com,Genderqueer,102.13.238.225,11/11/2021,1254
45,Elyse,Elgie,eelgie18@woothemes.com,Polygender,39.113.145.130,19/11/2021,1492
46,Cecilla,Aldritt,caldritt19@cocolog-nifty.com,Polygender,51.82.54.74,23/07/2021,1497
47,Crystal,Bidwell,cbidwell1a@wikipedia.org,Genderqueer,68.6.0.105,08/04/2021,1469
48,Pearle,Charlewood,pcharlewood1b@wsj.com,Polygender,253.89.198.76,28/03/2021,1494
49,Ellene,Erett,eerett1c@yale.edu,Male,59.92.133.166,19/06/2021,1439
50,Jayme,Hudd,jhudd1d@deliciousdays.com,Genderqueer,8.193.217.190,22/05/2021,1389
51,Shandie,Lazenby,slazenby1e@123-reg.co.uk,Male,57.5.160.4,17/09/2021,1323
52,Norean,Clearley,nclearley1f@apple.com,Genderqueer,129.128.190.233,29/06/2021,1480
53,Arielle,Kennford,akennford1g@scientificamerican.com,Genderqueer,254.172.193.30,06/10/2021,1498
54,Sig,Bottelstone,sbottelstone1h@newyorker.com,Genderfluid,170.146.3.237,03/08/2021,1417
55,Carolann,Griston,cgriston1i@slate.com,Genderqueer,64.181.48.157,18/04/2021,1463
56,Matti,Terlinden,mterlinden1j@census.gov,Polygender,58.81.169.170,30/04/2021,1237
57,Pepi,Lortzing,plortzing1k@yale.edu,Genderqueer,167.77.56.12,11/07/2021,1239
58,Hailee,Lakin,hlakin1l@multiply.com,Genderqueer,147.195.147.23,03/08/2021,1226
59,Codee,Haddrell,chaddrell1m@walmart.com,Non-binary,81.163.249.135,20/11/2021,1276
60,Web,Endrighi,wendrighi1n@amazon.co.uk,Agender,79.227.162.251,18/01/2021,1333
61,Gracia,Deetch,gdeetch1o@spotify.com,Agender,150.141.178.184,08/03/2021,1405
62,Erich,Ambler,eambler1p@shinystat.com,Male,155.62.9.196,01/05/2021,1452
63,Jenilee,Benka,jbenka1q@t.co,Bigender,46.42.252.163,27/06/2021,1464
64,Clio,Hylton,chylton1r@prnewswire.com,Genderqueer,178.235.108.216,08/12/2021,1267
65,Dean,Ludovici,dludovici1s@vk.com,Genderfluid,93.3.56.242,21/06/2021,1395
66,Dru,Compston,dcompston1t@admin.ch,Non-binary,155.4.78.224,20/03/2021,1474
67,Koral,Stigers,kstigers1u@flickr.com,Genderqueer,177.153.41.158,02/02/2021,1422
68,Prudence,Giffkins,pgiffkins1v@census.gov,Genderfluid,130.50.16.62,20/06/2021,1224
69,Petunia,Moncreif,pmoncreif1w@jalbum.net,Polygender,211.75.208.224,28/03/2021,1239
70,Rudie,Di Matteo,rdimatteo1x@1und1.de,Genderqueer,101.36.4.198,04/02/2021,1239
71,Borg,Tyres,btyres1y@4shared.com,Genderfluid,151.245.14.220,17/07/2021,1291
72,Amery,Treadwell,atreadwell1z@admin.ch,Bigender,236.147.153.84,30/10/2021,1465
73,Cort,Ferrelli,cferrelli20@simplemachines.org,Bigender,217.80.187.56,03/11/2021,1251
74,Vanda,Marfe,vmarfe21@dedecms.com,Agender,61.132.20.118,16/07/2021,1388
75,Krisha,Ingrey,kingrey22@dion.ne.jp,Agender,165.187.65.222,13/12/2021,1277
76,Issi,Stollsteimer,istollsteimer23@ow.ly,Genderfluid,229.175.70.21,03/12/2021,1344
77,Ferdinand,Ludovico,fludovico24@eventbrite.com,Male,222.124.149.103,07/02/2021,1246
78,Elyse,Ivan,eivan25@paginegialle.it,Female,115.83.120.178,09/02/2021,1324
79,Sibylla,Le - Count,slecount26@cam.ac.uk,Non-binary,223.125.188.169,08/05/2021,1389
80,Gary,Jimmes,gjimmes27@whitehouse.gov,Bigender,255.84.131.214,06/02/2021,1447
81,Clarence,Elflain,celflain28@tripod.com,Female,156.213.37.40,02/05/2021,1304
82,Corrie,Isaksson,cisaksson29@marketwatch.com,Genderfluid,183.212.50.67,19/01/2021,1288
83,Serena,Jagels,sjagels2a@businessweek.com,Polygender,26.139.222.42,23/07/2021,1424
84,Alfonso,Dimnage,adimnage2b@odnoklassniki.ru,Polygender,146.30.136.44,02/12/2021,1451
85,Torie,Giddings,tgiddings2c@networkadvertising.org,Genderfluid,58.249.160.32,03/02/2021,1373
86,Demetris,Dumelow,ddumelow2d@spiegel.de,Genderfluid,135.78.242.207,13/05/2021,1210
87,Lilias,Ganley,lganley2e@webeden.co.uk,Non-binary,98.59.100.221,16/04/2021,1289
88,Tobie,Pales,tpales2f@dedecms.com,Genderqueer,241.181.152.164,09/10/2021,1206
89,Barnett,Westraw,bwestraw2g@cnn.com,Genderqueer,28.242.200.153,29/12/2021,1485
90,Nev,Fehely,nfehely2h@163.com,Non-binary,45.133.63.48,07/12/2021,1411
91,Kirstyn,Jakubowsky,kjakubowsky2i@163.com,Genderfluid,239.44.142.129,11/03/2021,1405
92,Marjory,Fredi,mfredi2j@wisc.edu,Agender,69.89.154.245,07/04/2021,1266
93,Tatiana,Wigginton,twigginton2k@ucla.edu,Female,177.11.214.171,08/08/2021,1487
94,Borden,Mulcahy,bmulcahy2l@ed.gov,Genderfluid,115.79.240.129,15/01/2021,1279
95,Even,Armfield,earmfield2m@apple.com,Male,15.40.157.205,01/04/2021,1237
96,Meade,Tunno,mtunno2n@last.fm,Agender,28.94.0.189,21/10/2021,1344
97,Lamond,Renn,lrenn2o@php.net,Male,252.210.184.185,27/12/2021,1342
98,Carmita,Cyseley,ccyseley2p@toplist.cz,Polygender,252.109.75.63,01/12/2021,1427
99,Zilvia,Van der Spohr,zvanderspohr2q@cargocollective.com,Polygender,60.18.134.86,12/03/2021,1382
100,Jaymie,Esposito,jesposito2r@wufoo.com,Female,163.178.177.28,06/06/2021,1417
101,Jaquenette,Tirte,jtirte2s@discuz.net,Genderqueer,116.141.226.39,04/10/2021,1234
102,Nellie,Gilbank,ngilbank2t@biglobe.ne.jp,Polygender,210.102.150.64,21/07/2021,1428
103,Marcela,Rouke,mrouke2u@berkeley.edu,Genderfluid,82.82.25.127,04/06/2021,1236
104,Eben,Leathwood,eleathwood2v@networkadvertising.org,Genderqueer,113.12.246.243,24/09/2021,1482
105,Athena,Lardier,alardier2w@cmu.edu,Genderfluid,75.101.172.24,18/12/2021,1419
106,Waite,Welsby,wwelsby2x@pcworld.com,Female,200.156.192.182,17/11/2021,1208
107,Sharla,Grigoryov,sgrigoryov2y@indiatimes.com,Bigender,17.178.127.20,30/07/2021,1315
108,Jeffy,Load,jload2z@hhs.gov,Genderfluid,205.90.18.229,03/11/2021,1257
109,Claudina,Londesborough,clondesborough30@google.es,Non-binary,172.53.19.207,17/11/2021,1219
110,Leopold,Le Conte,lleconte31@house.gov,Genderqueer,74.93.207.5,17/11/2021,1285
111,Zaccaria,Chadney,zchadney32@arstechnica.com,Genderfluid,179.92.162.238,15/03/2021,1345
112,Amory,Ciabatteri,aciabatteri33@businessweek.com,Female,172.47.20.211,01/07/2021,1463
113,Lisha,Fedoronko,lfedoronko34@imgur.com,Polygender,108.183.45.139,10/09/2021,1293
114,Baudoin,Santostefano.,bsantostefano35@kickstarter.com,Polygender,160.48.75.198,07/01/2021,1260
115,Sibylla,Huxley,shuxley36@yolasite.com,Genderqueer,242.182.38.214,30/05/2021,1309
116,Licha,Toone,ltoone37@utexas.edu,Bigender,146.125.203.50,18/11/2021,1283
117,Aube,Kisbee,akisbee38@nydailynews.com,Male,246.129.38.204,28/12/2021,1345
118,Waly,Ashpital,washpital39@alibaba.com,Non-binary,80.59.74.5,17/09/2021,1338
119,Jan,Lavens,jlavens3a@archive.org,Genderqueer,86.232.246.226,28/07/2021,1237
120,Lorinda,Diter,lditer3b@uol.com.br,Non-binary,195.35.246.135,02/09/2021,1390
121,Lazarus,Catto,lcatto3c@answers.com,Genderqueer,144.102.235.162,18/12/2021,1211
122,Leanora,Trenholm,ltrenholm3d@theatlantic.com,Male,221.99.90.124,12/09/2021,1478
123,Rowan,Clapp,rclapp3e@about.com,Female,41.177.220.57,08/12/2021,1409
124,Ki,Acheson,kacheson3f@deviantart.com,Genderqueer,142.150.40.200,27/05/2021,1383
125,Talia,Thresh,tthresh3g@wsj.com,Male,111.209.129.190,10/04/2021,1374
126,Georgeanna,Vivians,gvivians3h@wikispaces.com,Bigender,55.215.231.118,20/03/2021,1406
127,Tracey,Possek,tpossek3i@stumbleupon.com,Genderfluid,88.8.139.22,29/07/2021,1288
128,Margaux,Dane,mdane3j@mysql.com,Female,171.81.132.248,17/03/2021,1294
129,Zachariah,Fri,zfri3k@ed.gov,Genderqueer,121.97.170.203,30/04/2021,1396
130,Merl,De Fries,mdefries3l@imageshack.us,Bigender,2.106.220.61,27/01/2021,1233
131,Darla,Carr,dcarr3m@engadget.com,Genderqueer,164.134.163.103,23/07/2021,1249
132,Bary,Kleinplac,bkleinplac3n@ucoz.com,Genderqueer,129.185.1.156,22/09/2021,1490
133,Candra,Meynell,cmeynell3o@t.co,Non-binary,189.203.252.165,27/11/2021,1358
134,Claudius,Woller,cwoller3p@cbsnews.com,Genderqueer,29.175.119.22,08/11/2021,1367
135,Waylen,Perrington,wperrington3q@youtube.com,Genderfluid,104.173.197.241,01/12/2021,1249
136,Janek,Darrigone,jdarrigone3r@mayoclinic.com,Non-binary,140.25.184.109,23/11/2021,1337
137,Nikolai,Chestnutt,nchestnutt3s@wired.com,Polygender,172.73.194.247,12/04/2021,1310
138,Gerrilee,Bosdet,gbosdet3t@google.co.uk,Bigender,42.125.88.121,20/03/2021,1483
139,Myrah,Kubista,mkubista3u@joomla.org,Female,231.195.49.108,27/01/2021,1461
140,Glenn,Lax,glax3v@wikipedia.org,Agender,38.5.71.232,23/04/2021,1465
141,Janot,Crossingham,jcrossingham3w@csmonitor.com,Bigender,31.60.105.211,10/05/2021,1230
142,Andree,Brook,abrook3x@statcounter.com,Genderfluid,211.61.169.26,06/08/2021,1411
143,Meridith,O'Clery,moclery3y@blog.com,Genderfluid,204.252.112.31,14/11/2021,1331
144,Chip,Cradock,ccradock3z@pcworld.com,Non-binary,186.140.15.212,11/06/2021,1378
145,Frederica,Alleway,falleway40@springer.com,Polygender,38.131.32.101,10/10/2021,1224
146,Felizio,Sebyer,fsebyer41@alexa.com,Genderqueer,65.160.10.106,11/10/2021,1235
147,Barb,Elger,belger42@posterous.com,Agender,34.131.84.104,11/12/2021,1428
148,Bartel,Lorimer,blorimer43@smh.com.au,Female,59.185.136.136,28/02/2021,1452
149,Michale,Isenor,misenor44@omniture.com,Female,46.184.95.101,06/01/2021,1378
150,Amos,Grennan,agrennan45@dyndns.org,Polygender,28.27.23.211,23/01/2021,1488
151,Kendricks,Proven,kproven46@liveinternet.ru,Agender,6.125.58.204,24/06/2021,1252
152,Gertruda,Espy,gespy47@ox.ac.uk,Polygender,90.32.253.74,12/01/2021,1426
153,Guinevere,Kepe,gkepe48@blogtalkradio.com,Male,125.174.128.52,14/03/2021,1293
154,Rog,Bathowe,rbathowe49@blog.com,Female,245.92.62.95,10/08/2021,1231
155,Emalia,Zamora,ezamora4a@redcross.org,Polygender,112.42.182.151,04/09/2021,1383
156,Edie,Sygrove,esygrove4b@youku.com,Genderqueer,151.166.134.133,20/03/2021,1319
157,Charis,Standbridge,cstandbridge4c@altervista.org,Genderqueer,139.58.143.14,04/10/2021,1422
158,Der,Gloucester,dgloucester4d@comcast.net,Male,5.147.56.79,15/11/2021,1449
159,Sunny,Tommeo,stommeo4e@jugem.jp,Female,183.160.82.92,14/04/2021,1346
160,Elfie,Neno,eneno4f@yellowpages.com,Male,161.240.77.255,09/09/2021,1291
161,Fiann,Mateu,fmateu4g@unc.edu,Polygender,133.218.71.173,25/12/2021,1232
162,Shana,Dresser,sdresser4h@mashable.com,Agender,251.12.148.198,31/07/2021,1486
163,Berny,Matteau,bmatteau4i@studiopress.com,Agender,170.44.24.226,14/05/2021,1267
164,Stacee,Crookshank,scrookshank4j@acquirethisname.com,Female,101.87.22.233,04/06/2021,1493
165,Jarred,Flay,jflay4k@linkedin.com,Male,171.31.5.149,26/11/2021,1217
166,Sheppard,Buske,sbuske4l@umich.edu,Genderfluid,185.24.84.18,17/08/2021,1303
167,Taite,Burdis,tburdis4m@google.com.br,Non-binary,253.153.15.173,09/03/2021,1261
168,Sinclair,Ronnay,sronnay4n@ning.com,Polygender,14.145.99.218,07/06/2021,1369
169,Noe,Mazella,nmazella4o@amazon.de,Female,137.164.140.117,12/06/2021,1342
170,Mickey,Lewcock,mlewcock4p@businessweek.com,Non-binary,212.32.126.53,06/10/2021,1453
171,Darci,Emburey,demburey4q@mapy.cz,Female,176.18.218.84,13/08/2021,1204
172,Kathye,Alpe,kalpe4r@soup.io,Bigender,107.150.143.93,20/12/2021,1243
173,Marius,Gebhard,mgebhard4s@about.me,Polygender,234.83.117.146,28/10/2021,1320
174,Madelena,Leppo,mleppo4t@kickstarter.com,Polygender,199.52.218.162,05/02/2021,1352
175,Chrysler,Fissenden,cfissenden4u@sciencedirect.com,Non-binary,206.91.15.246,17/05/2021,1397
176,Regina,Cheng,rcheng4v@gmpg.org,Genderfluid,195.150.174.6,24/02/2021,1357
177,Darcy,Deetlof,ddeetlof4w@printfriendly.com,Bigender,66.39.202.41,16/11/2021,1390
178,Onfroi,Habbijam,ohabbijam4x@behance.net,Bigender,50.62.26.146,16/03/2021,1375
179,Craggy,Bazylets,cbazylets4y@nyu.edu,Agender,214.236.21.65,22/02/2021,1396
180,Vivienne,Poytres,vpoytres4z@surveymonkey.com,Non-binary,208.37.238.170,15/06/2021,1256
181,Creigh,Hughs,chughs50@shareasale.com,Genderqueer,66.240.121.208,25/11/2021,1337
182,Devora,Petrakov,dpetrakov51@hatena.ne.jp,Female,195.65.11.157,28/11/2021,1383
183,Brand,Copes,bcopes52@behance.net,Female,134.147.153.16,14/07/2021,1325
184,Abelard,O'Lagen,aolagen53@umn.edu,Agender,109.244.66.60,16/04/2021,1297
185,Elli,Benet,ebenet54@java.com,Female,237.75.169.101,25/07/2021,1464
186,Cecile,Stiebler,cstiebler55@flickr.com,Female,163.66.64.108,05/07/2021,1317
187,Heloise,Monteaux,hmonteaux56@cocolog-nifty.com,Genderqueer,217.39.73.91,30/07/2021,1497
188,Aubrie,Hailston,ahailston57@answers.com,Female,240.242.186.50,21/04/2021,1455
189,Corissa,Pearle,cpearle58@adobe.com,Polygender,89.129.242.195,09/05/2021,1425
190,Baily,Blaxeland,bblaxeland59@reddit.com,Agender,96.216.87.8,24/04/2021,1280
191,Ronny,Balog,rbalog5a@nps.gov,Non-binary,90.18.147.252,28/01/2021,1317
192,Onofredo,Swateridge,oswateridge5b@uiuc.edu,Non-binary,149.188.166.123,08/08/2021,1381
193,Llywellyn,Hazleton,lhazleton5c@about.com,Female,5.177.255.182,28/06/2021,1281
194,Humphrey,Fabbri,hfabbri5d@cnet.com,Genderfluid,206.148.171.155,18/08/2021,1445
195,Hallie,O'Cannavan,hocannavan5e@example.com,Male,34.116.33.69,14/10/2021,1204
196,Honor,Jobbing,hjobbing5f@epa.gov,Genderfluid,247.99.150.137,06/10/2021,1387
197,Maurizio,Greschke,mgreschke5g@cbslocal.com,Agender,178.6.207.8,23/03/2021,1379
198,Lonnie,Giffaut,lgiffaut5h@indiatimes.com,Polygender,147.217.123.194,24/01/2021,1212
199,Jacquenetta,Sporgeon,jsporgeon5i@howstuffworks.com,Female,77.41.27.10,04/08/2021,1308
200,Aubrey,Pargeter,apargeter5j@mail.ru,Female,139.49.180.142,11/05/2021,1232
201,Jania,Soda,jsoda5k@com.com,Agender,97.110.153.55,20/05/2021,1452
202,Uriel,Render,urender5l@whitehouse.gov,Genderfluid,46.53.193.8,01/04/2021,1394
203,Bradley,Horsley,bhorsley5m@fastcompany.com,Agender,129.232.69.20,17/12/2021,1309
204,Antonie,Segrott,asegrott5n@dell.com,Bigender,31.144.94.91,21/12/2021,1434
205,Essie,Surmeir,esurmeir5o@omniture.com,Male,6.3.157.123,27/08/2021,1297
206,Lothario,Disney,ldisney5p@wisc.edu,Polygender,8.165.58.89,20/11/2021,1474
207,Ludovico,Pidcock,lpidcock5q@discuz.net,Polygender,132.163.128.52,03/05/2021,1222
208,Fran,Crottagh,fcrottagh5r@quantcast.com,Genderfluid,154.60.90.2,28/06/2021,1336
209,Jennifer,Gerin,jgerin5s@hubpages.com,Genderqueer,127.52.35.216,28/09/2021,1379
210,Dedra,Maase,dmaase5t@bandcamp.com,Polygender,17.22.147.38,15/03/2021,1439
211,Constance,Rapson,crapson5u@arstechnica.com,Genderfluid,200.115.236.39,15/07/2021,1308
212,Kari,Merigot,kmerigot5v@uiuc.edu,Bigender,155.188.89.202,04/06/2021,1469
213,Luce,Stivey,lstivey5w@simplemachines.org,Female,10.116.108.83,04/08/2021,1431
214,Lyman,Booi,lbooi5x@devhub.com,Agender,17.46.25.238,16/02/2021,1357
215,Elsey,Wisniewski,ewisniewski5y@acquirethisname.com,Genderfluid,81.215.103.83,11/06/2021,1309
216,Saxe,Snarie,ssnarie5z@google.nl,Genderqueer,116.5.21.210,02/04/2021,1206
217,Ina,Titchmarsh,ititchmarsh60@printfriendly.com,Bigender,196.139.46.28,16/09/2021,1284
218,Ashlie,Orlton,aorlton61@umn.edu,Genderfluid,68.129.62.55,03/01/2021,1485
219,Raquel,Redman,rredman62@t-online.de,Agender,170.59.189.115,05/04/2021,1413
220,Marisa,Briskey,mbriskey63@twitpic.com,Agender,246.212.86.134,06/07/2021,1464
221,Wallas,MacArthur,wmacarthur64@geocities.com,Non-binary,27.173.196.151,10/11/2021,1442
222,Reina,Calvey,rcalvey65@yahoo.co.jp,Male,182.123.16.250,13/06/2021,1474
223,Nealy,Ivic,nivic66@canalblog.com,Male,253.151.209.240,04/06/2021,1440
224,Gilbertine,Pampling,gpampling67@comcast.net,Female,42.241.85.99,15/09/2021,1488
225,Phyllys,Ahmed,pahmed68@toplist.cz,Genderqueer,165.111.223.135,11/09/2021,1467
226,Iggie,Bignall,ibignall69@economist.com,Genderfluid,157.62.222.177,21/01/2021,1495
227,Dennis,Dummett,ddummett6a@discuz.net,Polygender,228.205.139.51,21/06/2021,1210
228,Faythe,Sproston,fsproston6b@guardian.co.uk,Polygender,50.97.141.254,25/03/2021,1491
229,Milo,Livett,mlivett6c@about.com,Agender,230.48.2.206,31/08/2021,1497
230,Gilly,Elbourne,gelbourne6d@fda.gov,Female,52.85.189.195,16/06/2021,1244
231,Hannie,Yewdall,hyewdall6e@newyorker.com,Bigender,30.90.132.145,29/10/2021,1367
232,Martelle,Boyson,mboyson6f@sciencedirect.com,Genderqueer,202.205.60.144,18/09/2021,1490
233,Bette-ann,Smewing,bsmewing6g@google.it,Polygender,131.100.127.140,21/09/2021,1299
234,Claudie,Sprason,csprason6h@tuttocitta.it,Genderqueer,68.104.71.85,20/04/2021,1423
235,Easter,Kohnemann,ekohnemann6i@nps.gov,Female,19.74.166.9,29/11/2021,1342
236,Jorge,Keston,jkeston6j@chronoengine.com,Non-binary,227.119.5.189,27/12/2021,1240
237,Dov,Karolovsky,dkarolovsky6k@bloglines.com,Genderqueer,151.66.170.61,19/04/2021,1324
238,Martino,Tritton,mtritton6l@dailymail.co.uk,Male,75.63.34.82,03/02/2021,1260
239,Maighdiln,Lavelle,mlavelle6m@networkadvertising.org,Non-binary,133.145.222.95,21/04/2021,1498
240,Brooke,Shipston,bshipston6n@ebay.co.uk,Bigender,149.20.154.188,08/08/2021,1335
241,Shandee,Bettlestone,sbettlestone6o@ft.com,Female,95.191.2.95,06/11/2021,1275
242,Klara,Folbigg,kfolbigg6p@canalblog.com,Male,238.238.169.249,10/12/2021,1390
243,Sheffield,Hamly,shamly6q@kickstarter.com,Genderqueer,10.209.26.228,05/01/2021,1384
244,Karla,Fargher,kfargher6r@dedecms.com,Male,232.8.123.206,18/06/2021,1375
245,Elisabeth,Josipovitz,ejosipovitz6s@narod.ru,Non-binary,72.84.2.183,29/08/2021,1475
246,Caresse,Cadlock,ccadlock6t@cdbaby.com,Male,41.150.254.236,18/01/2021,1321
247,Cristin,Marzellano,cmarzellano6u@networksolutions.com,Female,186.151.160.52,01/11/2021,1211
248,Karil,Wardel,kwardel6v@smh.com.au,Polygender,182.28.98.27,07/07/2021,1248
249,Dena,Ventam,dventam6w@wikia.com,Female,60.232.121.64,08/12/2021,1243
250,Darill,Spini,dspini6x@qq.com,Genderfluid,245.154.127.7,14/12/2021,1461
251,Marrissa,Muddle,mmuddle6y@webnode.com,Male,61.177.8.234,11/10/2021,1263
252,Jamie,Erik,jerik6z@acquirethisname.com,Genderfluid,206.169.60.150,28/09/2021,1368
253,Prentiss,Gilbey,pgilbey70@ihg.com,Male,235.68.44.61,22/01/2021,1373
254,Kaiser,Peaden,kpeaden71@de.vu,Bigender,114.216.142.209,11/09/2021,1278
255,Zita,Andrewartha,zandrewartha72@senate.gov,Non-binary,246.140.100.158,03/03/2021,1397
256,Caryl,Lemary,clemary73@naver.com,Female,189.150.59.114,25/03/2021,1292
257,Crosby,Schnieder,cschnieder74@ucoz.com,Genderfluid,188.24.167.154,23/07/2021,1491
258,Fancy,Estable,festable75@shutterfly.com,Polygender,217.61.152.187,19/03/2021,1425
259,Vanny,Richards,vrichards76@networksolutions.com,Polygender,105.107.78.37,20/07/2021,1494
260,Ibby,Leindecker,ileindecker77@cdbaby.com,Agender,248.96.17.237,27/04/2021,1219
261,Valentia,Tanman,vtanman78@acquirethisname.com,Polygender,97.248.206.173,13/12/2021,1494
262,Joanna,Yashanov,jyashanov79@nytimes.com,Polygender,247.226.207.252,25/07/2021,1250
263,Archie,Karpeev,akarpeev7a@cbc.ca,Bigender,170.249.155.103,12/06/2021,1369
264,Henderson,Mattek,hmattek7b@miitbeian.gov.cn,Non-binary,234.69.54.227,14/08/2021,1349
265,Maryann,Leuchars,mleuchars7c@yelp.com,Genderfluid,87.193.36.246,14/03/2021,1340
266,Emili,Cheshir,echeshir7d@cpanel.net,Non-binary,142.253.122.62,04/09/2021,1263
267,Sansone,Canwell,scanwell7e@earthlink.net,Non-binary,3.25.225.222,25/06/2021,1239
268,Kit,Lafoy,klafoy7f@live.com,Agender,246.94.69.64,06/08/2021,1335
269,See,Shutle,sshutle7g@cnn.com,Genderqueer,181.13.130.11,21/03/2021,1237
270,Agace,Batalini,abatalini7h@irs.gov,Female,158.223.149.242,14/07/2021,1205
271,Philippe,Threadgall,pthreadgall7i@businessinsider.com,Non-binary,165.81.26.55,13/06/2021,1349
272,Kelcey,Staddart,kstaddart7j@vkontakte.ru,Female,4.146.96.117,19/10/2021,1277
273,Othella,Freen,ofreen7k@nsw.gov.au,Polygender,65.19.179.89,11/07/2021,1355
274,Melodee,Obell,mobell7l@army.mil,Female,99.99.226.104,30/07/2021,1323
275,Marion,Tassell,mtassell7m@feedburner.com,Bigender,183.145.193.254,16/07/2021,1295
276,Adriano,Grenshiels,agrenshiels7n@networkadvertising.org,Genderfluid,145.95.139.238,16/04/2021,1383
277,Ronalda,Cannam,rcannam7o@zdnet.com,Agender,28.140.228.236,23/06/2021,1380
278,Karolina,Excell,kexcell7p@bizjournals.com,Polygender,209.242.232.212,30/10/2021,1369
279,Adrianne,Sissland,asissland7q@google.pl,Bigender,162.131.167.0,05/01/2021,1302
280,Fania,Parton,fparton7r@gnu.org,Genderfluid,20.206.140.1,14/01/2021,1331
281,Michal,Eric,meric7s@spiegel.de,Agender,52.204.8.253,31/03/2021,1230
282,Nerissa,Winspare,nwinspare7t@opera.com,Genderfluid,206.127.157.79,05/10/2021,1325
283,Leoine,Lutzmann,llutzmann7u@bizjournals.com,Genderfluid,251.172.2.178,23/06/2021,1279
284,Cynde,Cockhill,ccockhill7v@purevolume.com,Polygender,237.155.71.178,21/07/2021,1495
285,Elwyn,Ireson,eireson7w@oracle.com,Bigender,45.14.195.163,26/11/2021,1399
286,Dominik,Figin,dfigin7x@barnesandnoble.com,Agender,181.151.198.23,17/10/2021,1397
287,Annamaria,Grimwade,agrimwade7y@eventbrite.com,Polygender,134.106.195.244,21/08/2021,1211
288,Ollie,Lidster,olidster7z@hubpages.com,Genderqueer,150.255.192.46,15/09/2021,1416
289,Kristine,Hellwing,khellwing80@imageshack.us,Genderqueer,68.60.104.226,29/06/2021,1214
290,Meyer,Locksley,mlocksley81@hexun.com,Agender,121.194.182.0,07/11/2021,1395
291,Natka,Henighan,nhenighan82@opensource.org,Agender,16.31.134.88,13/02/2021,1220
292,Tabby,Noblett,tnoblett83@rakuten.co.jp,Female,201.28.105.148,04/10/2021,1472
293,Janet,Kingcote,jkingcote84@bing.com,Female,94.84.65.190,27/04/2021,1492
294,Casey,Ferretti,cferretti85@hibu.com,Non-binary,187.43.87.237,07/12/2021,1491
295,Konstantin,Harriot,kharriot86@t-online.de,Male,132.130.144.117,25/12/2021,1455
296,Waylon,Kleinhaus,wkleinhaus87@alibaba.com,Female,55.15.62.236,24/07/2021,1288
297,Neddie,Bauser,nbauser88@sogou.com,Non-binary,195.108.22.214,27/01/2021,1234
298,Phaedra,Barraclough,pbarraclough89@hugedomains.com,Male,106.218.183.96,28/01/2021,1295
299,Drusilla,Duncklee,dduncklee8a@bandcamp.com,Genderqueer,244.158.212.80,13/06/2021,1399
300,Danyette,Tracy,dtracy8b@theguardian.com,Bigender,52.153.219.46,16/09/2021,1403
301,Padraig,Teager,pteager8c@berkeley.edu,Polygender,181.32.129.218,19/02/2021,1334
302,Darrin,Carnaman,dcarnaman8d@nymag.com,Bigender,229.131.182.147,17/05/2021,1437
303,Jackie,Merchant,jmerchant8e@columbia.edu,Genderfluid,167.211.142.31,24/04/2021,1428
304,Glenden,Baltrushaitis,gbaltrushaitis8f@webnode.com,Male,3.201.91.145,27/11/2021,1479
305,Ardelis,Iacavone,aiacavone8g@google.de,Polygender,51.217.75.67,15/08/2021,1220
306,Rhiamon,Grinstead,rgrinstead8h@mashable.com,Non-binary,190.223.10.168,28/07/2021,1379
307,Eulalie,Charnock,echarnock8i@ihg.com,Bigender,252.130.157.49,06/05/2021,1425
308,Blancha,Raynes,braynes8j@twitter.com,Female,197.158.157.216,21/12/2021,1300
309,Lib,Slemmonds,lslemmonds8k@techcrunch.com,Female,252.227.2.205,08/04/2021,1366
310,Bethina,Jeannet,bjeannet8l@economist.com,Agender,78.43.52.27,06/01/2021,1461
311,Sauveur,MacGibbon,smacgibbon8m@nih.gov,Bigender,69.65.66.196,01/01/2021,1269
312,Eartha,Rippon,erippon8n@technorati.com,Agender,176.178.221.7,04/04/2021,1475
313,Danny,Curnucke,dcurnucke8o@columbia.edu,Bigender,183.91.203.192,26/08/2021,1343
314,Barri,Brittan,bbrittan8p@geocities.com,Non-binary,231.5.220.69,16/01/2021,1377
315,Gallard,Johns,gjohns8q@answers.com,Agender,104.33.105.147,19/02/2021,1218
316,Natalee,Uccello,nuccello8r@mashable.com,Female,14.138.81.56,25/03/2021,1469
317,Kriste,Dominico,kdominico8s@simplemachines.org,Female,180.251.210.108,13/04/2021,1229
318,Eduardo,Higounet,ehigounet8t@elpais.com,Non-binary,76.120.138.96,04/11/2021,1421
319,Stanislaw,Coolican,scoolican8u@ucsd.edu,Female,26.232.3.107,26/11/2021,1379
320,Lizzie,Skene,lskene8v@thetimes.co.uk,Agender,122.205.231.84,18/08/2021,1405
321,Lars,MacKartan,lmackartan8w@ca.gov,Male,100.254.17.240,10/09/2021,1492
322,Syman,Flacke,sflacke8x@home.pl,Non-binary,29.205.151.214,04/08/2021,1420
323,Minnnie,Seaward,mseaward8y@vk.com,Polygender,186.130.153.230,31/05/2021,1361
324,Winni,Barnwill,wbarnwill8z@goodreads.com,Agender,128.79.87.77,27/09/2021,1243
325,Malina,Laughren,mlaughren90@unicef.org,Bigender,235.243.188.181,03/09/2021,1357
326,Griffie,Brehault,gbrehault91@ebay.com,Non-binary,86.31.93.27,25/10/2021,1286
327,Wileen,Manilo,wmanilo92@pinterest.com,Agender,149.206.5.117,30/12/2021,1288
328,Des,Rummery,drummery93@vistaprint.com,Male,120.14.244.253,16/06/2021,1418
329,Templeton,Marrows,tmarrows94@springer.com,Non-binary,95.86.166.8,25/11/2021,1461
330,Jenifer,Chiswell,jchiswell95@usnews.com,Agender,179.136.218.32,05/03/2021,1216
331,Gretta,Batecok,gbatecok96@seattletimes.com,Genderqueer,231.119.74.169,20/04/2021,1442
332,Fey,Illyes,fillyes97@jigsy.com,Genderqueer,251.155.73.78,20/08/2021,1459
333,Sydel,Cheesman,scheesman98@umn.edu,Female,104.49.116.203,05/04/2021,1415
334,Alix,Mattersey,amattersey99@yellowpages.com,Agender,229.48.33.111,26/05/2021,1412
335,Frederich,Dignall,fdignall9a@sohu.com,Genderfluid,130.159.111.50,24/03/2021,1300
336,Stephan,Mumm,smumm9b@apple.com,Genderqueer,15.130.68.208,07/06/2021,1448
337,Robin,Robillart,rrobillart9c@g.co,Agender,140.135.0.1,01/01/2021,1443
338,Bab,McWhannel,bmcwhannel9d@nationalgeographic.com,Genderfluid,71.203.0.10,11/11/2021,1414
339,Cyndi,Gallehock,cgallehock9e@washington.edu,Non-binary,111.78.196.59,09/11/2021,1442
340,Allys,Halhead,ahalhead9f@chronoengine.com,Polygender,246.131.245.57,23/10/2021,1346
341,Buiron,Trinke,btrinke9g@techcrunch.com,Polygender,62.23.188.115,04/04/2021,1277
342,Marcus,Mulliner,mmulliner9h@soup.io,Bigender,205.8.18.30,17/02/2021,1312
343,Evelina,Bischoff,ebischoff9i@amazon.co.jp,Bigender,208.44.68.106,23/04/2021,1205
344,Lee,Hammond,lhammond9j@salon.com,Genderqueer,151.210.45.33,01/02/2021,1288
345,Rodrick,Dober,rdober9k@japanpost.jp,Genderfluid,23.59.80.235,15/07/2021,1317
346,Gerhardine,Cristofanini,gcristofanini9l@msn.com,Non-binary,137.189.252.204,17/07/2021,1423
347,Kerianne,Laphorn,klaphorn9m@arizona.edu,Agender,156.46.14.54,18/03/2021,1438
348,Sansone,Kernan,skernan9n@angelfire.com,Bigender,227.138.204.246,24/10/2021,1213
349,Sigfrid,Vitte,svitte9o@phoca.cz,Genderfluid,203.140.117.96,09/11/2021,1489
350,Ruddie,Barmby,rbarmby9p@google.de,Agender,130.0.214.132,13/07/2021,1235
351,Marcia,Braid,mbraid9q@springer.com,Male,214.14.100.130,08/10/2021,1494
352,Spencer,Whyte,swhyte9r@berkeley.edu,Agender,129.66.149.235,18/05/2021,1397
353,Sylvia,Dunmuir,sdunmuir9s@prweb.com,Bigender,121.93.38.249,09/01/2021,1459
354,Farah,Konert,fkonert9t@usa.gov,Female,23.84.104.78,18/05/2021,1435
355,Whitby,Cornbell,wcornbell9u@google.ca,Female,170.247.83.214,13/03/2021,1493
356,Merlina,Breit,mbreit9v@elegantthemes.com,Male,93.126.86.122,15/07/2021,1292
357,Sydel,Brumwell,sbrumwell9w@usgs.gov,Male,23.91.155.216,28/05/2021,1293
358,Chickie,Buxsy,cbuxsy9x@loc.gov,Polygender,166.203.108.246,23/06/2021,1226
359,Weston,Coldman,wcoldman9y@issuu.com,Non-binary,104.47.135.47,11/04/2021,1401
360,Tomaso,Kenewel,tkenewel9z@wikispaces.com,Female,252.62.106.208,26/04/2021,1395
361,Dion,Whitcombe,dwhitcombea0@google.it,Male,140.211.70.166,05/02/2021,1386
362,Sondra,Heffron,sheffrona1@myspace.com,Genderfluid,47.126.190.10,30/06/2021,1240
363,Fae,McCraine,fmccrainea2@acquirethisname.com,Polygender,50.171.242.239,22/03/2021,1371
364,Glennie,Vicker,gvickera3@sogou.com,Agender,117.164.195.54,21/04/2021,1384
365,Hilario,Lurcock,hlurcocka4@sina.com.cn,Female,154.237.99.204,15/09/2021,1490
366,Eolande,Kinde,ekindea5@dyndns.org,Male,226.152.78.87,30/12/2021,1387
367,Cristy,Seivwright,cseivwrighta6@dmoz.org,Agender,127.88.233.79,24/06/2021,1449
368,Kerr,Schole,kscholea7@mtv.com,Non-binary,120.71.74.237,19/10/2021,1428
369,Hermia,De la Yglesia,hdelayglesiaa8@admin.ch,Genderfluid,155.92.161.47,21/11/2021,1271
370,Consuela,Stancliffe,cstancliffea9@google.co.jp,Genderfluid,102.27.150.159,10/02/2021,1373
371,Umberto,Mccaull,umccaullaa@opensource.org,Female,244.102.161.244,25/11/2021,1323
372,Mario,Rabbitts,mrabbittsab@blogger.com,Female,231.102.119.198,23/06/2021,1395
373,Kennedy,Cribbott,kcribbottac@posterous.com,Agender,43.166.227.203,04/08/2021,1262
374,Leonerd,McDougald,lmcdougaldad@narod.ru,Genderfluid,170.78.128.7,25/04/2021,1243
375,Ronnie,Minocchi,rminocchiae@clickbank.net,Genderqueer,30.201.246.134,27/05/2021,1436
376,Mozelle,Kleinberer,mkleinbereraf@tamu.edu,Male,59.31.58.245,27/06/2021,1332
377,Christiane,Prydie,cprydieag@yandex.ru,Agender,201.252.50.11,17/07/2021,1364
378,Pablo,Jardein,pjardeinah@mashable.com,Genderqueer,52.8.28.66,17/08/2021,1242
379,Hakim,Dik,hdikai@nasa.gov,Bigender,217.183.93.220,27/09/2021,1438
380,Zonda,Causon,zcausonaj@hud.gov,Female,164.223.31.170,05/04/2021,1429
381,Nikki,Spadaro,nspadaroak@dion.ne.jp,Male,216.174.155.176,31/10/2021,1225
382,Sanderson,Matzke,smatzkeal@vimeo.com,Genderfluid,138.89.223.176,21/06/2021,1240
383,Justis,Tooth,jtootham@ameblo.jp,Female,106.23.64.158,12/03/2021,1496
384,Rudolfo,Lenin,rleninan@pbs.org,Polygender,27.223.232.146,20/02/2021,1380
385,Meggie,Glede,mgledeao@google.co.jp,Agender,94.33.81.149,13/11/2021,1323
386,Gustie,Rayment,graymentap@yahoo.co.jp,Bigender,186.213.37.241,13/03/2021,1236
387,Lulu,Pitkethly,lpitkethlyaq@china.com.cn,Male,127.231.40.8,19/10/2021,1284
388,Bren,Sandilands,bsandilandsar@nature.com,Polygender,72.60.17.150,08/04/2021,1429
389,Iggie,Seamarke,iseamarkeas@live.com,Agender,42.196.225.95,02/03/2021,1495
390,Jamil,Philipard,jphilipardat@sbwire.com,Polygender,116.219.215.167,08/07/2021,1325
391,Ezechiel,McCord,emccordau@furl.net,Genderfluid,7.107.89.145,01/09/2021,1301
392,Kasper,Forlonge,kforlongeav@who.int,Genderfluid,254.102.228.41,18/03/2021,1418
393,Ernestus,Francecione,efrancecioneaw@time.com,Bigender,224.226.113.195,20/03/2021,1239
394,Veriee,Alf,valfax@howstuffworks.com,Bigender,136.108.10.124,26/02/2021,1490
395,Amelina,Stang-Gjertsen,astanggjertsenay@constantcontact.com,Polygender,93.126.214.99,03/06/2021,1467
396,Wally,Garnson,wgarnsonaz@themeforest.net,Bigender,227.153.18.114,25/07/2021,1377
397,Hedwig,Darracott,hdarracottb0@hibu.com,Female,61.154.89.232,21/01/2021,1451
398,Kirstin,Gilyott,kgilyottb1@alibaba.com,Male,182.173.162.70,18/07/2021,1233
399,Reeba,Kuhnhardt,rkuhnhardtb2@eventbrite.com,Agender,185.22.215.166,13/09/2021,1253
400,Hyacinth,Peschet,hpeschetb3@ucoz.ru,Agender,147.154.16.93,19/04/2021,1258
401,Dulcinea,Manhare,dmanhareb4@cisco.com,Polygender,171.11.205.250,21/08/2021,1481
402,Gannon,Rojahn,grojahnb5@webmd.com,Agender,140.130.186.10,16/10/2021,1465
403,Melony,Frizell,mfrizellb6@tumblr.com,Bigender,239.95.163.105,15/04/2021,1354
404,Darda,Creggan,dcregganb7@seattletimes.com,Non-binary,245.239.117.230,18/09/2021,1261
405,Ferguson,Esser,fesserb8@livejournal.com,Genderqueer,189.59.139.199,08/10/2021,1431
406,Julianne,Braybrook,jbraybrookb9@shop-pro.jp,Bigender,38.244.224.104,07/08/2021,1410
407,Odo,Bowkley,obowkleyba@umich.edu,Non-binary,249.62.229.182,03/01/2021,1273
408,Rodney,Hartington,rhartingtonbb@cam.ac.uk,Polygender,109.111.129.163,24/02/2021,1403
409,Arch,De Carolis,adecarolisbc@hc360.com,Genderqueer,150.32.4.232,06/01/2021,1271
410,Marmaduke,Bome,mbomebd@state.gov,Genderqueer,161.126.161.200,09/12/2021,1412
411,Elinore,Talman,etalmanbe@hao123.com,Female,194.69.2.58,23/12/2021,1351
412,Jaquelyn,Archibould,jarchibouldbf@wufoo.com,Female,101.245.40.37,18/12/2021,1292
413,Joyous,Feary,jfearybg@tinyurl.com,Non-binary,143.211.6.108,19/02/2021,1381
414,Noami,Latus,nlatusbh@mozilla.org,Agender,83.255.99.104,12/05/2021,1229
415,Kerrie,Quesne,kquesnebi@reference.com,Non-binary,5.38.75.67,10/08/2021,1417
416,Rhea,Galiford,rgalifordbj@berkeley.edu,Polygender,28.176.146.93,25/08/2021,1399
417,Brynn,Limpkin,blimpkinbk@macromedia.com,Bigender,40.100.178.252,22/03/2021,1426
418,Berte,Maffioletti,bmaffiolettibl@surveymonkey.com,Genderfluid,177.87.41.249,16/03/2021,1434
419,Jim,Gerardot,jgerardotbm@ted.com,Genderqueer,49.13.198.92,16/09/2021,1423
420,Bancroft,Fugere,bfugerebn@si.edu,Genderqueer,59.106.131.42,14/06/2021,1376
421,Reba,Orsi,rorsibo@furl.net,Bigender,89.218.224.85,15/12/2021,1325
422,Chantalle,Ransley,cransleybp@ihg.com,Genderqueer,223.230.98.104,16/07/2021,1413
423,Gregorio,Hollingdale,ghollingdalebq@alexa.com,Polygender,214.73.99.45,27/03/2021,1276
424,Lynde,Mully,lmullybr@stumbleupon.com,Bigender,55.213.87.30,19/01/2021,1236
425,Elizabeth,McCrachen,emccrachenbs@shop-pro.jp,Genderfluid,196.224.11.123,31/05/2021,1448
426,Cammi,Haddick,chaddickbt@google.pl,Bigender,189.230.164.153,13/12/2021,1226
427,Ettore,Kloska,ekloskabu@google.fr,Female,183.193.80.211,20/01/2021,1478
428,Ava,Lydford,alydfordbv@usnews.com,Genderqueer,18.230.118.34,01/08/2021,1383
429,Shep,Bendare,sbendarebw@wunderground.com,Non-binary,176.64.190.242,01/06/2021,1385
430,Jada,Buttfield,jbuttfieldbx@simplemachines.org,Agender,110.94.188.237,21/07/2021,1216
431,Piggy,MacKintosh,pmackintoshby@ebay.com,Genderfluid,248.55.166.178,27/02/2021,1320
432,Dick,Jendas,djendasbz@odnoklassniki.ru,Female,146.128.131.67,24/07/2021,1407
433,Rahel,Tolputt,rtolputtc0@howstuffworks.com,Genderfluid,105.80.95.68,05/09/2021,1282
434,Jemimah,Fryers,jfryersc1@businessweek.com,Non-binary,6.69.184.196,13/03/2021,1409
435,Yulma,Blacker,yblackerc2@ted.com,Agender,208.177.189.40,12/10/2021,1317
436,Garnet,Manske,gmanskec3@hibu.com,Non-binary,138.142.137.100,14/04/2021,1400
437,Bill,Zannini,bzanninic4@list-manage.com,Agender,50.251.43.174,04/12/2021,1310
438,Dorisa,Daile,ddailec5@yellowpages.com,Non-binary,56.241.235.32,03/10/2021,1369
439,Coralyn,Van Velde,cvanveldec6@homestead.com,Agender,39.191.243.23,24/03/2021,1218
440,Brigitta,McLean,bmcleanc7@si.edu,Genderfluid,203.3.4.125,25/10/2021,1421
441,Demetre,McCrory,dmccroryc8@amazon.co.jp,Female,214.200.42.130,28/07/2021,1242
442,Micheil,Corsar,mcorsarc9@weather.com,Agender,229.67.115.170,09/02/2021,1397
443,Clementia,MacMorland,cmacmorlandca@chron.com,Male,3.240.86.106,02/06/2021,1283
444,Leonore,Andell,landellcb@loc.gov,Bigender,246.42.63.141,19/07/2021,1354
445,Merilyn,Wantling,mwantlingcc@mashable.com,Female,115.18.82.127,20/10/2021,1252
446,Heriberto,Mouland,hmoulandcd@discuz.net,Polygender,208.168.197.196,06/12/2021,1407
447,Cirstoforo,Opdenort,copdenortce@shutterfly.com,Genderqueer,30.143.235.206,23/04/2021,1358
448,Kit,Moryson,kmorysoncf@about.me,Agender,252.39.238.195,03/04/2021,1263
449,Parke,Passmore,ppassmorecg@irs.gov,Non-binary,174.163.147.46,01/08/2021,1260
450,Nadiya,Manston,nmanstonch@oaic.gov.au,Polygender,38.247.10.165,27/05/2021,1403
451,Garv,Mougel,gmougelci@technorati.com,Female,132.109.176.119,15/06/2021,1274
452,Michele,Prescott,mprescottcj@bandcamp.com,Polygender,118.253.171.41,26/04/2021,1332
453,Rosalyn,McElory,rmceloryck@amazon.co.jp,Non-binary,135.221.252.242,07/03/2021,1493
454,Jamey,Bussons,jbussonscl@un.org,Genderfluid,87.162.41.6,08/03/2021,1301
455,Dougy,Daniau,ddaniaucm@slate.com,Genderfluid,150.132.231.44,16/09/2021,1423
456,Vince,Pillifant,vpillifantcn@zimbio.com,Genderqueer,223.199.92.136,23/10/2021,1254
457,Cassaundra,Sherreard,csherreardco@umich.edu,Bigender,37.220.108.221,09/08/2021,1372
458,Jarred,Dielhenn,jdielhenncp@yahoo.co.jp,Agender,70.234.20.122,16/02/2021,1382
459,Sibel,Frontczak,sfrontczakcq@t.co,Genderfluid,35.57.138.88,17/06/2021,1315
460,Coriss,Crothers,ccrotherscr@uiuc.edu,Genderfluid,141.225.87.206,30/06/2021,1291
461,Gwenneth,Backler,gbacklercs@surveymonkey.com,Female,249.67.52.31,21/01/2021,1219
462,Lynnelle,Moiser,lmoiserct@businesswire.com,Male,99.88.5.230,06/12/2021,1263
463,Anett,Ivens,aivenscu@posterous.com,Agender,122.201.111.192,03/09/2021,1490
464,Annmarie,Bohje,abohjecv@friendfeed.com,Polygender,58.221.245.98,22/08/2021,1261
465,Kinsley,Kimbell,kkimbellcw@1und1.de,Bigender,87.83.215.71,19/03/2021,1439
466,Serge,Pedley,spedleycx@quantcast.com,Non-binary,59.242.129.202,16/07/2021,1271
467,Austine,Verni,avernicy@usa.gov,Genderfluid,115.133.108.20,10/10/2021,1274
468,Zebulon,Campaigne,zcampaignecz@list-manage.com,Non-binary,48.114.27.252,25/10/2021,1276
469,Shepherd,Bichener,sbichenerd0@usgs.gov,Genderfluid,63.89.219.178,17/11/2021,1300
470,Harrie,Frankis,hfrankisd1@ted.com,Polygender,18.224.232.51,10/06/2021,1346
471,Pall,Bride,pbrided2@booking.com,Non-binary,139.113.208.37,23/05/2021,1323
472,Shepperd,MacCorkell,smaccorkelld3@tripadvisor.com,Bigender,154.114.45.102,27/07/2021,1407
473,Kasey,Allsop,kallsopd4@com.com,Male,189.188.227.32,07/11/2021,1337
474,Cherlyn,Grenfell,cgrenfelld5@newyorker.com,Genderqueer,196.220.72.47,13/04/2021,1269
475,Emmalynne,Wellbelove,ewellbeloved6@yale.edu,Bigender,18.101.123.208,07/06/2021,1430
476,Brinna,Caverhill,bcaverhilld7@msu.edu,Non-binary,181.151.124.134,12/02/2021,1472
477,Amargo,Shropshire,ashropshired8@toplist.cz,Polygender,42.254.79.209,20/02/2021,1319
478,Merrill,Alden,maldend9@salon.com,Genderqueer,155.230.131.153,14/01/2021,1211
479,Ronda,McCarthy,rmccarthyda@apache.org,Male,52.243.167.38,12/04/2021,1435
480,Arthur,Gallafant,agallafantdb@blogs.com,Genderqueer,205.180.56.97,08/01/2021,1328
481,Dewitt,Neeson,dneesondc@engadget.com,Agender,155.94.181.220,26/01/2021,1205
482,Sadye,Armitage,sarmitagedd@wikipedia.org,Non-binary,46.215.103.49,12/09/2021,1380
483,Bendix,Vreede,bvreedede@scientificamerican.com,Male,236.103.55.36,13/03/2021,1442
484,Jackie,Guilder,jguilderdf@sfgate.com,Agender,68.151.153.160,19/05/2021,1246
485,Gratia,MacCumeskey,gmaccumeskeydg@hostgator.com,Non-binary,181.252.13.2,11/04/2021,1268
486,Gypsy,Philipeau,gphilipeaudh@oaic.gov.au,Bigender,133.85.205.11,18/10/2021,1268
487,Pietrek,Whitcher,pwhitcherdi@pagesperso-orange.fr,Female,66.188.179.27,12/09/2021,1245
488,Marika,Lumb,mlumbdj@ebay.co.uk,Bigender,140.148.89.5,22/11/2021,1265
489,Joseito,Aloshechkin,jaloshechkindk@ihg.com,Agender,132.82.214.225,16/11/2021,1462
490,Valenka,Rudsdell,vrudsdelldl@oakley.com,Polygender,82.203.34.79,02/09/2021,1344
491,Yehudit,Brunelli,ybrunellidm@clickbank.net,Genderqueer,203.181.187.244,07/09/2021,1363
492,Janka,Stoppe,jstoppedn@soup.io,Agender,203.213.139.184,23/12/2021,1366
493,Raeann,Jagielski,rjagielskido@netscape.com,Agender,38.24.76.32,11/08/2021,1250
494,Lisabeth,Tenwick,ltenwickdp@indiegogo.com,Polygender,171.16.205.150,29/05/2021,1365
495,Muriel,Jinkinson,mjinkinsondq@is.gd,Non-binary,247.111.253.117,16/03/2021,1389
496,Ardene,Matskiv,amatskivdr@blogger.com,Genderfluid,152.229.154.97,02/07/2021,1458
497,Gwenny,Fuzzens,gfuzzensds@topsy.com,Male,204.108.62.216,18/05/2021,1406
498,Avrit,McCombe,amccombedt@nifty.com,Genderqueer,23.123.44.212,05/11/2021,1306
499,Marys,McKinley,mmckinleydu@blinklist.com,Agender,79.104.185.252,18/12/2021,1443
500,Delly,Durtnel,ddurtneldv@flavors.me,Non-binary,214.230.185.186,17/01/2021,1254
501,Ardelle,Hynd,ahynddw@google.pl,Non-binary,36.11.50.218,07/07/2021,1257
502,Jannelle,Hamson,jhamsondx@dagondesign.com,Genderqueer,181.213.173.202,10/04/2021,1490
503,Jazmin,Bramstom,jbramstomdy@japanpost.jp,Male,99.166.115.25,25/12/2021,1450
504,Alfonse,Schiementz,aschiementzdz@cbslocal.com,Polygender,186.209.212.89,02/10/2021,1253
505,Jeanne,Jeffry,jjeffrye0@nydailynews.com,Bigender,1.12.117.191,01/11/2021,1236
506,Sal,Leach,sleache1@jalbum.net,Male,81.218.26.32,14/03/2021,1263
507,Ashby,Hanigan,ahanigane2@sfgate.com,Agender,132.234.140.64,23/08/2021,1468
508,Hermie,Wheelan,hwheelane3@loc.gov,Genderfluid,193.116.24.99,25/02/2021,1242
509,Fielding,Warner,fwarnere4@pen.io,Agender,197.176.252.88,13/02/2021,1311
510,Granny,Atack,gatacke5@i2i.jp,Female,67.230.231.192,22/04/2021,1268
511,Lucille,Bexon,lbexone6@ovh.net,Genderfluid,77.208.176.197,05/05/2021,1344
512,Enid,Dingsdale,edingsdalee7@forbes.com,Genderqueer,196.30.87.171,02/06/2021,1427
513,Charlie,de Keep,cdekeepe8@disqus.com,Female,49.228.4.27,24/10/2021,1289
514,Biddie,Musgrave,bmusgravee9@blogs.com,Polygender,162.255.37.244,27/10/2021,1473
515,Shandra,Rosborough,srosboroughea@vistaprint.com,Agender,240.146.129.88,28/07/2021,1411
516,Kristen,Fellona,kfellonaeb@google.nl,Agender,25.191.241.73,05/10/2021,1202
517,Evangeline,Benardeau,ebenardeauec@webnode.com,Female,180.81.169.229,23/03/2021,1240
518,Dru,Anger,dangered@latimes.com,Genderqueer,218.41.60.82,12/09/2021,1466
519,Diann,Loosemore,dloosemoreee@apache.org,Non-binary,155.108.207.204,22/08/2021,1437
520,Krystalle,Lippi,klippief@gravatar.com,Non-binary,131.205.55.116,19/03/2021,1467
521,Sibilla,Gaynsford,sgaynsfordeg@blogtalkradio.com,Non-binary,169.33.232.154,25/03/2021,1447
522,Mahmoud,Capstick,mcapstickeh@multiply.com,Agender,209.54.99.5,28/12/2021,1362
523,Rozelle,Ridolfo,rridolfoei@imgur.com,Bigender,244.169.179.240,08/04/2021,1394
524,Renee,Vanes,rvanesej@ucoz.com,Genderqueer,192.216.85.88,27/07/2021,1433
525,Iggy,Corbyn,icorbynek@hao123.com,Female,220.213.92.181,28/07/2021,1378
526,Sheena,Spedding,sspeddingel@economist.com,Genderfluid,242.142.253.35,22/07/2021,1265
527,Mahalia,Nulty,mnultyem@drupal.org,Female,172.53.124.145,15/04/2021,1356
528,Ozzie,Bewick,obewicken@cyberchimps.com,Genderqueer,61.55.54.87,24/06/2021,1355
529,Erhard,Goneau,egoneaueo@newsvine.com,Polygender,238.41.70.212,12/06/2021,1369
530,Kellen,Nestor,knestorep@1688.com,Genderqueer,18.189.188.190,20/01/2021,1449
531,Tarah,Yallowley,tyallowleyeq@mapquest.com,Agender,83.27.244.250,02/05/2021,1271
532,Madelena,Phripp,mphripper@uol.com.br,Male,113.76.133.80,28/12/2021,1272
533,Redford,Silver,rsilveres@vinaora.com,Genderfluid,13.168.77.190,10/01/2021,1325
534,Goldie,Eyckel,geyckelet@bizjournals.com,Male,30.180.175.74,06/10/2021,1474
535,Rozamond,Ricardou,rricardoueu@github.com,Male,6.55.119.233,31/03/2021,1249
536,Maurine,Beach,mbeachev@blinklist.com,Agender,44.97.213.42,20/11/2021,1310
537,Amby,Coltart,acoltartew@google.com.au,Female,112.93.175.89,17/09/2021,1346
538,Shurlocke,Coleborn,scolebornex@ft.com,Male,193.95.23.41,15/04/2021,1264
539,Bernice,McSpirron,bmcspirroney@icq.com,Agender,21.128.179.101,22/07/2021,1206
540,Julissa,De Brett,jdebrettez@examiner.com,Male,147.136.61.61,07/07/2021,1308
541,Koenraad,Altoft,kaltoftf0@yale.edu,Female,225.165.90.42,04/09/2021,1289
542,Denni,Grube,dgrubef1@wsj.com,Male,215.163.152.76,10/03/2021,1306
543,Cross,Christophe,cchristophef2@cnet.com,Polygender,161.97.29.101,18/01/2021,1274
544,Tadio,Pietranek,tpietranekf3@google.ru,Bigender,249.112.74.116,04/09/2021,1351
545,Maryann,Tissington,mtissingtonf4@google.pl,Agender,237.96.73.88,18/11/2021,1302
546,Vivyanne,Quadling,vquadlingf5@chicagotribune.com,Bigender,77.254.97.121,11/11/2021,1438
547,Atlante,Ruoss,aruossf6@house.gov,Non-binary,49.179.63.26,29/07/2021,1333
548,Alverta,Edser,aedserf7@examiner.com,Agender,147.157.25.140,06/06/2021,1289
549,Tatiania,Craister,tcraisterf8@admin.ch,Agender,145.72.25.187,15/05/2021,1404
550,Essa,Rowan,erowanf9@purevolume.com,Male,148.132.91.239,24/03/2021,1366
551,Husein,Hunnybun,hhunnybunfa@time.com,Genderfluid,221.113.243.145,13/12/2021,1390
552,Jourdain,Hake,jhakefb@redcross.org,Male,121.232.165.37,07/12/2021,1445
553,Aeriell,Peverell,apeverellfc@marketwatch.com,Genderqueer,132.10.146.60,23/12/2021,1467
554,Antonie,MacGovern,amacgovernfd@springer.com,Agender,164.57.218.179,06/11/2021,1248
555,Lucienne,Sherwin,lsherwinfe@who.int,Non-binary,199.165.231.74,08/03/2021,1455
556,Sylas,Filyaev,sfilyaevff@taobao.com,Male,159.248.51.234,02/05/2021,1228
557,Stephana,Andryunin,sandryuninfg@dmoz.org,Bigender,64.255.185.108,01/08/2021,1425
558,Richart,Porter,rporterfh@cbc.ca,Bigender,224.181.100.172,13/12/2021,1500
559,Timothea,Zorzenoni,tzorzenonifi@mediafire.com,Genderfluid,61.155.102.76,18/05/2021,1274
560,Gardy,Berston,gberstonfj@dailymail.co.uk,Polygender,152.88.46.61,28/04/2021,1283
561,Lanette,Iskower,liskowerfk@tmall.com,Bigender,26.38.156.240,24/10/2021,1220
562,Quinn,Rosellini,qrosellinifl@europa.eu,Agender,93.175.91.12,20/04/2021,1200
563,Shaine,Younge,syoungefm@oaic.gov.au,Agender,196.195.70.6,11/04/2021,1206
564,Donall,Marple,dmarplefn@ihg.com,Male,10.43.219.149,01/04/2021,1201
565,Obed,Bartelot,obartelotfo@weebly.com,Genderqueer,45.133.239.112,20/05/2021,1272
566,Gregoor,Isard,gisardfp@delicious.com,Male,25.202.167.171,11/06/2021,1218
567,Heath,Lutzmann,hlutzmannfq@topsy.com,Genderqueer,76.227.237.202,23/12/2021,1223
568,Leila,Creelman,lcreelmanfr@youtube.com,Female,9.245.142.111,25/07/2021,1375
569,Steffane,Fance,sfancefs@washingtonpost.com,Agender,243.223.1.179,14/10/2021,1247
570,Bren,Letty,blettyft@amazonaws.com,Polygender,91.119.39.232,23/11/2021,1395
571,Sayer,Springate,sspringatefu@github.com,Female,78.185.112.123,02/02/2021,1240
572,Ruthanne,Evamy,revamyfv@homestead.com,Polygender,57.127.165.162,28/01/2021,1427
573,Rand,Portis,rportisfw@cnet.com,Male,157.176.60.239,09/08/2021,1283
574,Verene,Oxford,voxfordfx@usnews.com,Genderfluid,22.67.37.192,08/10/2021,1323
575,Kathe,Rosel,kroselfy@unesco.org,Agender,175.181.122.178,29/03/2021,1292
576,Heddie,Pentlow,hpentlowfz@squarespace.com,Female,254.78.127.8,10/02/2021,1296
577,Libby,Cronin,lcroning0@zdnet.com,Agender,39.132.217.177,17/05/2021,1367
578,Dodie,Courtese,dcourteseg1@newyorker.com,Female,140.95.32.10,05/10/2021,1372
579,Teddy,Sussems,tsussemsg2@fastcompany.com,Bigender,15.205.154.225,06/08/2021,1454
580,Stephi,Pothbury,spothburyg3@cbc.ca,Male,27.187.109.47,23/07/2021,1498
581,Forster,Trimbey,ftrimbeyg4@de.vu,Genderqueer,111.149.66.73,31/01/2021,1330
582,Simonne,Stut,sstutg5@usnews.com,Bigender,221.241.101.17,21/04/2021,1413
583,Petronia,Ledes,pledesg6@is.gd,Agender,143.118.78.243,22/06/2021,1456
584,Gilemette,Picknett,gpicknettg7@reverbnation.com,Non-binary,52.8.196.45,04/12/2021,1250
585,Emerson,Firpo,efirpog8@stanford.edu,Bigender,25.4.57.104,14/03/2021,1422
586,Vere,Horlock,vhorlockg9@wikia.com,Female,154.195.205.199,27/11/2021,1336
587,Augustus,Loftus,aloftusga@rambler.ru,Male,204.130.49.78,15/09/2021,1497
588,Jonie,Menichini,jmenichinigb@wordpress.org,Genderqueer,59.232.57.175,15/08/2021,1215
589,Wilbur,Pott,wpottgc@pinterest.com,Male,57.202.58.53,09/11/2021,1263
590,Laraine,Crain,lcraingd@ftc.gov,Bigender,214.146.234.22,25/07/2021,1370
591,Moss,Spurrett,mspurrettge@ibm.com,Non-binary,36.205.118.198,21/06/2021,1283
592,Nevile,Pentin,npentingf@sina.com.cn,Bigender,84.167.237.245,30/12/2021,1371
593,Feliks,Fernez,ffernezgg@mlb.com,Agender,78.248.105.251,26/10/2021,1344
594,Peria,Forder,pfordergh@ucoz.ru,Genderfluid,71.72.103.143,01/11/2021,1442
595,Natale,Fleming,nfleminggi@apache.org,Male,21.88.108.163,21/06/2021,1353
596,Editha,Kermeen,ekermeengj@google.com.hk,Female,44.3.231.42,16/12/2021,1395
597,Trace,Slator,tslatorgk@shop-pro.jp,Non-binary,185.118.224.33,10/05/2021,1499
598,Susana,Christoforou,schristoforougl@freewebs.com,Genderqueer,49.32.63.98,31/03/2021,1363
599,Darby,Stanner,dstannergm@businesswire.com,Agender,189.158.79.126,14/05/2021,1467
600,Zena,Stanlake,zstanlakegn@webnode.com,Genderqueer,176.8.255.208,20/07/2021,1271
601,Cyrille,Vel,cvelgo@cloudflare.com,Polygender,217.24.222.18,06/03/2021,1209
602,Carin,Corser,ccorsergp@trellian.com,Polygender,130.130.175.149,15/02/2021,1422
603,Lolita,Haydn,lhaydngq@alibaba.com,Polygender,96.207.142.129,25/08/2021,1350
604,Anders,Crossgrove,acrossgrovegr@pen.io,Agender,141.216.148.211,31/08/2021,1248
605,Gale,Lazell,glazellgs@is.gd,Bigender,174.39.90.29,28/06/2021,1434
606,Hamlin,Stoop,hstoopgt@miibeian.gov.cn,Non-binary,194.228.175.100,24/05/2021,1367
607,Gilberte,Coe,gcoegu@dagondesign.com,Polygender,80.120.87.150,20/07/2021,1311
608,Nicola,Michelle,nmichellegv@kickstarter.com,Bigender,16.29.77.217,21/08/2021,1442
609,Leonanie,Brunone,lbrunonegw@myspace.com,Agender,117.140.44.176,19/12/2021,1276
610,Nellie,Chaucer,nchaucergx@toplist.cz,Agender,178.176.86.211,19/02/2021,1275
611,Livia,Lidden,lliddengy@google.com.br,Agender,84.0.213.154,05/05/2021,1317
612,Maggee,Quelch,mquelchgz@wikimedia.org,Polygender,68.222.39.84,05/09/2021,1343
613,Hayward,Dellenbroker,hdellenbrokerh0@tripadvisor.com,Agender,153.90.111.145,21/03/2021,1263
614,Del,McCague,dmccagueh1@telegraph.co.uk,Female,226.72.28.91,24/05/2021,1374
615,Anestassia,Brydson,abrydsonh2@gravatar.com,Bigender,7.228.216.87,02/12/2021,1312
616,Anna-diana,Patershall,apatershallh3@bloglines.com,Genderfluid,59.225.144.210,13/07/2021,1375
617,Cosetta,Layburn,clayburnh4@nifty.com,Non-binary,230.186.171.203,29/06/2021,1253
618,Brinna,Aldred,baldredh5@macromedia.com,Genderfluid,96.114.88.50,02/09/2021,1321
619,Arlee,Tudbald,atudbaldh6@google.fr,Polygender,174.163.94.104,01/10/2021,1392
620,Charlotte,Howcroft,chowcrofth7@senate.gov,Non-binary,157.243.206.149,06/01/2021,1209
621,Drucie,Dellow,ddellowh8@canalblog.com,Agender,37.103.201.38,20/11/2021,1349
622,Rozele,Macvain,rmacvainh9@ucoz.com,Agender,78.218.196.110,06/06/2021,1420
623,Brynne,Arckoll,barckollha@abc.net.au,Genderfluid,195.79.241.18,12/03/2021,1358
624,Armin,Lamburn,alamburnhb@cisco.com,Polygender,230.204.235.175,06/07/2021,1471
625,Bonita,Malamore,bmalamorehc@nationalgeographic.com,Male,1.169.91.185,05/09/2021,1498
626,Ambrosi,Tolle,atollehd@state.tx.us,Agender,196.216.61.116,07/06/2021,1465
627,Baryram,Grundon,bgrundonhe@cdbaby.com,Male,53.68.135.231,28/05/2021,1495
628,Gwenette,Abba,gabbahf@toplist.cz,Genderqueer,224.176.157.108,15/12/2021,1466
629,Caryn,Kemmey,ckemmeyhg@4shared.com,Agender,171.218.120.92,01/11/2021,1493
630,Kori,Gommes,kgommeshh@slate.com,Polygender,143.179.14.193,14/05/2021,1200
631,Bella,McEwan,bmcewanhi@comsenz.com,Female,163.60.208.44,25/10/2021,1402
632,Leese,Maunder,lmaunderhj@slate.com,Female,93.89.19.40,16/10/2021,1342
633,Darby,Dalston,ddalstonhk@etsy.com,Polygender,77.73.210.50,11/03/2021,1271
634,Hetty,Elsegood,helsegoodhl@spiegel.de,Male,130.232.166.246,18/02/2021,1412
635,Cary,Grafham,cgrafhamhm@nyu.edu,Male,45.71.0.29,13/07/2021,1244
636,Kathy,Chellam,kchellamhn@ehow.com,Male,222.131.217.119,02/06/2021,1467
637,Kizzie,Morgen,kmorgenho@fda.gov,Female,214.83.94.81,31/03/2021,1467
638,Kellia,Watt,kwatthp@ask.com,Male,157.85.216.246,05/10/2021,1415
639,Constancy,Bagguley,cbagguleyhq@independent.co.uk,Genderqueer,185.131.122.223,11/11/2021,1465
640,Pacorro,Pretty,pprettyhr@canalblog.com,Agender,31.89.9.2,14/09/2021,1421
641,Ethe,Hurcombe,ehurcombehs@about.com,Polygender,197.119.144.48,05/01/2021,1295
642,Ciel,Sealand,csealandht@microsoft.com,Genderfluid,149.69.22.243,19/07/2021,1355
643,Anselm,Messager,amessagerhu@spiegel.de,Genderfluid,168.187.19.100,28/02/2021,1254
644,Melamie,Lawrence,mlawrencehv@etsy.com,Polygender,242.165.197.37,21/06/2021,1340
645,Vikky,Bulfit,vbulfithw@nih.gov,Non-binary,228.227.199.247,31/03/2021,1279
646,Dolli,Sorensen,dsorensenhx@arizona.edu,Bigender,211.160.30.46,20/07/2021,1373
647,Cory,Slite,cslitehy@webeden.co.uk,Agender,166.208.141.158,23/08/2021,1407
648,Maxim,Adamini,madaminihz@histats.com,Female,165.177.62.203,15/05/2021,1221
649,Francklin,Loosmore,floosmorei0@slashdot.org,Male,168.54.222.178,25/10/2021,1471
650,Robinson,Buff,rbuffi1@mapy.cz,Genderfluid,220.41.90.150,20/05/2021,1227
651,Jakie,Barajaz,jbarajazi2@hao123.com,Non-binary,185.99.146.29,22/08/2021,1213
652,Gavra,Basnall,gbasnalli3@cornell.edu,Agender,78.137.199.194,04/03/2021,1323
653,Sharyl,Izacenko,sizacenkoi4@apple.com,Non-binary,119.45.105.86,06/04/2021,1369
654,Albertina,Broomhall,abroomhalli5@dailymotion.com,Bigender,163.174.84.218,30/03/2021,1394
655,Trixy,Sowden,tsowdeni6@nhs.uk,Female,37.251.26.8,22/03/2021,1450
656,Bron,Tarbox,btarboxi7@issuu.com,Polygender,27.126.50.236,17/08/2021,1341
657,Ulrick,Youthead,uyoutheadi8@is.gd,Non-binary,109.87.69.0,31/07/2021,1422
658,Amy,Knevett,aknevetti9@pen.io,Genderfluid,157.204.103.174,31/12/2021,1470
659,Jaye,Brumen,jbrumenia@booking.com,Bigender,235.207.145.78,15/05/2021,1368
660,Elli,Ucceli,eucceliib@ihg.com,Genderfluid,110.146.95.143,07/02/2021,1376
661,Andras,Stoade,astoadeic@cdbaby.com,Genderfluid,182.151.110.37,19/11/2021,1216
662,Maisie,Richard,mrichardid@cbslocal.com,Genderfluid,90.186.47.165,16/12/2021,1269
663,Zola,Biggans,zbiggansie@dedecms.com,Genderqueer,119.209.172.44,28/02/2021,1242
664,Ingaborg,Kipping,ikippingif@meetup.com,Polygender,112.50.167.160,25/04/2021,1290
665,Darrel,Croster,dcrosterig@multiply.com,Polygender,119.64.33.59,19/07/2021,1480
666,Kari,Spilsted,kspilstedih@ask.com,Non-binary,16.16.12.133,16/10/2021,1241
667,Jamima,Cothey,jcotheyii@360.cn,Polygender,148.169.74.243,16/04/2021,1354
668,Ida,McCambridge,imccambridgeij@php.net,Genderfluid,217.143.150.217,19/03/2021,1452
669,Edsel,Jermyn,ejermynik@vkontakte.ru,Polygender,161.108.219.250,04/01/2021,1279
670,Frannie,Snoddin,fsnoddinil@ask.com,Female,37.1.150.59,21/01/2021,1265
671,Letitia,Perroni,lperroniim@reference.com,Agender,47.85.37.7,25/05/2021,1433
672,Kelly,Laugier,klaugierin@163.com,Non-binary,217.119.86.204,15/09/2021,1247
673,Caitlin,Haines,chainesio@cnn.com,Agender,155.32.132.56,13/09/2021,1295
674,Garry,Dobeson,gdobesonip@photobucket.com,Bigender,188.96.247.52,25/12/2021,1440
675,Dari,Stitwell,dstitwelliq@mlb.com,Genderfluid,127.83.89.72,17/11/2021,1341
676,Faber,Mutton,fmuttonir@vistaprint.com,Female,118.24.151.10,28/06/2021,1416
677,Lark,Eastop,leastopis@t.co,Bigender,224.45.100.182,23/06/2021,1233
678,Muire,O'Rodane,morodaneit@sciencedaily.com,Polygender,60.127.245.88,26/03/2021,1271
679,Nara,Peto,npetoiu@pinterest.com,Agender,6.65.210.178,28/07/2021,1473
680,Fransisco,Blankenship,fblankenshipiv@taobao.com,Genderqueer,18.89.91.206,04/03/2021,1470
681,Donnell,Geist,dgeistiw@nymag.com,Bigender,181.198.202.181,04/04/2021,1329
682,Travus,Diment,tdimentix@1688.com,Bigender,69.80.122.202,21/10/2021,1327
683,Katleen,Guirardin,kguirardiniy@networkadvertising.org,Genderqueer,81.121.123.88,04/10/2021,1315
684,Lenna,Brimilcome,lbrimilcomeiz@gravatar.com,Bigender,139.60.193.16,02/10/2021,1326
685,Maressa,Wooder,mwooderj0@twitter.com,Non-binary,31.192.3.93,19/03/2021,1306
686,Gery,Gobel,ggobelj1@ucla.edu,Non-binary,11.251.9.217,11/09/2021,1408
687,Adorne,Bloschke,abloschkej2@senate.gov,Genderfluid,99.188.186.13,25/06/2021,1460
688,Huntington,Broadwood,hbroadwoodj3@smugmug.com,Agender,61.27.97.20,21/08/2021,1445
689,Lark,Drogan,ldroganj4@nasa.gov,Bigender,170.125.33.102,14/06/2021,1320
690,Marketa,Shevlane,mshevlanej5@flavors.me,Genderfluid,211.132.179.88,21/06/2021,1478
691,Vernor,Ahern,vahernj6@newyorker.com,Female,163.197.97.71,15/12/2021,1277
692,Mattias,Orsman,morsmanj7@jimdo.com,Non-binary,241.134.125.126,27/06/2021,1491
693,Vale,Caddick,vcaddickj8@berkeley.edu,Female,35.254.185.44,12/07/2021,1454
694,Raffaello,Murrell,rmurrellj9@vinaora.com,Male,166.235.249.208,20/12/2021,1401
695,Gilbertina,Penticoot,gpenticootja@army.mil,Polygender,108.72.42.32,16/02/2021,1402
696,Harman,Overton,hovertonjb@admin.ch,Female,171.33.140.12,25/04/2021,1322
697,Sheena,Kellett,skellettjc@multiply.com,Non-binary,94.32.244.23,05/09/2021,1412
698,Jasmin,Pfeiffer,jpfeifferjd@constantcontact.com,Female,149.62.7.25,21/03/2021,1357
699,Jordon,O'Kieran,jokieranje@sciencedaily.com,Bigender,43.141.122.17,23/01/2021,1323
700,Ashli,Vinten,avintenjf@sakura.ne.jp,Agender,202.254.169.181,13/10/2021,1493
701,Biddy,Sondon,bsondonjg@unesco.org,Female,127.79.145.27,05/06/2021,1455
702,Emelita,Semrad,esemradjh@google.es,Male,148.48.27.126,10/03/2021,1279
703,Lucky,Grinter,lgrinterji@topsy.com,Male,30.95.53.41,25/07/2021,1279
704,Bing,Laflin,blaflinjj@discuz.net,Male,100.149.129.53,17/04/2021,1249
705,Estell,Tomala,etomalajk@mtv.com,Polygender,102.156.151.87,13/01/2021,1464
706,Angelia,Patry,apatryjl@mayoclinic.com,Genderqueer,80.81.40.225,16/12/2021,1390
707,Hiram,Cockings,hcockingsjm@columbia.edu,Polygender,178.47.182.93,02/09/2021,1470
708,Kendra,Wager,kwagerjn@mac.com,Non-binary,138.219.193.2,26/02/2021,1222
709,Shina,Wyleman,swylemanjo@goo.gl,Agender,135.254.145.44,03/03/2021,1349
710,Wrennie,Gapper,wgapperjp@virginia.edu,Agender,186.237.118.0,05/05/2021,1266
711,Hestia,Lighterness,hlighternessjq@joomla.org,Non-binary,33.165.41.233,07/08/2021,1271
712,Trueman,Krzysztofiak,tkrzysztofiakjr@latimes.com,Female,72.74.179.51,05/12/2021,1455
713,Kinsley,Gianni,kgiannijs@123-reg.co.uk,Female,39.237.27.4,24/04/2021,1381
714,Fulton,Adlard,fadlardjt@ocn.ne.jp,Genderfluid,144.24.191.155,02/07/2021,1300
715,Claudelle,Ketchen,cketchenju@abc.net.au,Male,240.50.44.169,02/11/2021,1243
716,Annabell,Skrine,askrinejv@csmonitor.com,Female,249.159.228.162,24/02/2021,1288
717,Jermaine,McCully,jmccullyjw@jimdo.com,Non-binary,22.238.70.65,12/01/2021,1218
718,Josephine,Baddoe,jbaddoejx@t.co,Genderfluid,39.214.13.239,29/07/2021,1381
719,Holly-anne,Treverton,htrevertonjy@godaddy.com,Bigender,227.245.47.69,09/01/2021,1203
720,Cordula,Van Ross,cvanrossjz@bigcartel.com,Polygender,232.64.109.155,06/07/2021,1266
721,Gardy,Isaksson,gisakssonk0@fotki.com,Bigender,238.224.253.149,02/10/2021,1434
722,Allix,Ivons,aivonsk1@psu.edu,Female,185.178.59.145,22/03/2021,1278
723,Denver,Issit,dissitk2@google.cn,Genderfluid,9.77.55.227,22/01/2021,1454
724,Carolan,Pedder,cpedderk3@webmd.com,Agender,16.157.29.223,15/12/2021,1443
725,Hazel,Townrow,htownrowk4@gnu.org,Genderfluid,69.187.20.228,31/03/2021,1252
726,Melisse,Bezley,mbezleyk5@sina.com.cn,Agender,1.55.175.15,12/08/2021,1284
727,Morgan,Glackin,mglackink6@archive.org,Genderfluid,149.117.27.187,22/06/2021,1314
728,Gunther,Truckett,gtruckettk7@cisco.com,Polygender,231.253.76.104,16/07/2021,1417
729,Xaviera,Southerns,xsouthernsk8@indiegogo.com,Female,156.231.188.230,28/12/2021,1332
730,Taddeusz,Netherwood,tnetherwoodk9@epa.gov,Agender,151.166.175.71,05/07/2021,1224
731,Ive,Rubel,irubelka@elpais.com,Genderfluid,46.249.17.3,17/08/2021,1500
732,Papagena,Moakson,pmoaksonkb@virginia.edu,Male,71.158.117.44,24/02/2021,1296
733,Micki,Raoult,mraoultkc@dedecms.com,Female,148.155.178.46,14/07/2021,1367
734,Carroll,Beauly,cbeaulykd@facebook.com,Polygender,23.39.199.79,07/12/2021,1365
735,Avigdor,Nuzzti,anuzztike@amazon.co.uk,Non-binary,109.11.142.229,13/01/2021,1309
736,Shaylah,Balmadier,sbalmadierkf@technorati.com,Genderfluid,177.110.9.41,13/06/2021,1420
737,Rosanna,McClenaghan,rmcclenaghankg@jugem.jp,Agender,193.8.47.191,21/09/2021,1460
738,Minda,Quaintance,mquaintancekh@pagesperso-orange.fr,Polygender,251.88.85.202,11/10/2021,1477
739,Cassaundra,Tregidgo,ctregidgoki@gnu.org,Male,189.152.5.217,31/12/2021,1334
740,Vivianne,Loseke,vlosekekj@gizmodo.com,Agender,24.234.97.227,29/09/2021,1468
741,Dorette,Wegman,dwegmankk@nationalgeographic.com,Polygender,249.244.142.186,07/07/2021,1303
742,Brinna,Edsall,bedsallkl@skype.com,Genderqueer,149.173.56.67,26/01/2021,1386
743,Anallise,Elleyne,aelleynekm@i2i.jp,Genderqueer,175.211.255.104,01/03/2021,1375
744,Edithe,Whitley,ewhitleykn@guardian.co.uk,Polygender,199.64.34.88,17/12/2021,1311
745,Nerty,Penberthy,npenberthyko@china.com.cn,Genderqueer,236.51.242.126,19/03/2021,1326
746,Harald,Rolinson,hrolinsonkp@bizjournals.com,Polygender,171.85.178.96,24/07/2021,1282
747,Cy,Boome,cboomekq@fotki.com,Female,58.53.179.192,20/02/2021,1351
748,Gail,Hasted,ghastedkr@mashable.com,Female,127.111.2.166,12/03/2021,1262
749,Morna,Pariss,mparissks@pinterest.com,Non-binary,99.111.50.159,30/08/2021,1363
750,Teador,Crottagh,tcrottaghkt@webs.com,Female,104.248.0.166,17/01/2021,1334
751,Prinz,Steer,psteerku@dmoz.org,Bigender,242.100.14.245,28/07/2021,1297
752,Delinda,Summerson,dsummersonkv@irs.gov,Genderfluid,206.239.87.42,24/07/2021,1482
753,Linell,Zellmer,lzellmerkw@japanpost.jp,Genderqueer,100.225.2.90,19/08/2021,1230
754,Brian,Kewley,bkewleykx@imageshack.us,Male,66.4.37.204,03/09/2021,1275
755,Lorena,Gude,lgudeky@cafepress.com,Female,219.53.90.144,26/09/2021,1463
756,Stacey,Cramb,scrambkz@yellowpages.com,Bigender,8.95.168.124,24/11/2021,1215
757,Filippo,Fassbender,ffassbenderl0@illinois.edu,Bigender,17.155.235.61,26/11/2021,1472
758,Hyacinthe,Hadleigh,hhadleighl1@free.fr,Bigender,50.162.179.120,05/08/2021,1319
759,Kelsi,Allmann,kallmannl2@hubpages.com,Female,206.15.148.28,20/10/2021,1269
760,Rex,Rudderham,rrudderhaml3@bloglines.com,Genderfluid,117.182.217.92,04/06/2021,1461
761,Iormina,Smitton,ismittonl4@barnesandnoble.com,Male,6.213.166.110,29/03/2021,1363
762,Maddalena,De Lisle,mdelislel5@slashdot.org,Non-binary,169.163.116.26,28/11/2021,1278
763,Twila,Peotz,tpeotzl6@state.gov,Genderqueer,87.221.188.12,16/01/2021,1495
764,Lewes,Towse,ltowsel7@reverbnation.com,Male,76.250.176.194,14/01/2021,1241
765,Fred,Meldrum,fmeldruml8@etsy.com,Male,144.194.150.155,21/06/2021,1475
766,Dedie,Heaslip,dheaslipl9@i2i.jp,Bigender,90.59.105.192,26/06/2021,1273
767,Meghann,Posselwhite,mposselwhitela@aboutads.info,Female,166.45.250.176,27/03/2021,1264
768,Cchaddie,Dibling,cdiblinglb@hhs.gov,Female,202.129.128.6,29/05/2021,1368
769,Mira,Mordey,mmordeylc@columbia.edu,Polygender,128.10.41.74,16/07/2021,1289
770,Bryn,Rembrandt,brembrandtld@paginegialle.it,Male,160.201.252.20,01/10/2021,1329
771,Madelin,Begwell,mbegwellle@youtube.com,Polygender,76.193.241.162,13/09/2021,1449
772,Corrinne,Brecknall,cbrecknalllf@google.com.hk,Non-binary,178.31.170.224,20/11/2021,1293
773,Verina,Simmens,vsimmenslg@joomla.org,Polygender,84.8.122.113,04/03/2021,1348
774,Caria,D'Agostini,cdagostinilh@wufoo.com,Bigender,207.150.102.191,27/08/2021,1329
775,Ariel,Maass,amaassli@scribd.com,Female,3.212.93.227,11/02/2021,1271
776,North,Meeke,nmeekelj@china.com.cn,Agender,36.155.224.168,09/12/2021,1431
777,Rosetta,Van der Krui,rvanderkruilk@amazon.com,Agender,107.204.49.81,03/07/2021,1340
778,Christa,Quantick,cquantickll@unblog.fr,Polygender,128.100.33.98,19/12/2021,1368
779,Artur,Bydaway,abydawaylm@usda.gov,Male,203.106.93.125,25/12/2021,1429
780,Fianna,Gravie,fgravieln@umich.edu,Genderfluid,233.183.31.140,18/10/2021,1457
781,Lianne,Bindin,lbindinlo@amazon.de,Female,6.30.40.220,13/10/2021,1397
782,Coriss,Skillings,cskillingslp@bravesites.com,Polygender,183.100.157.243,02/11/2021,1338
783,Garrott,Docharty,gdochartylq@linkedin.com,Polygender,197.104.37.28,20/03/2021,1218
784,Wilbert,Leathers,wleatherslr@biblegateway.com,Bigender,189.102.226.70,01/11/2021,1427
785,Clywd,Ghelardi,cghelardils@plala.or.jp,Non-binary,69.217.141.47,15/03/2021,1284
786,Lula,Leynham,lleynhamlt@bigcartel.com,Genderfluid,137.45.186.60,08/12/2021,1344
787,Rozina,Benallack,rbenallacklu@washingtonpost.com,Agender,61.58.142.37,24/05/2021,1362
788,Lenka,Nutbean,lnutbeanlv@taobao.com,Female,22.77.181.249,09/02/2021,1234
789,Jannel,Managh,jmanaghlw@ezinearticles.com,Male,183.231.25.131,27/10/2021,1297
790,Donella,Wemm,dwemmlx@washingtonpost.com,Genderqueer,194.195.47.241,27/04/2021,1376
791,Mariska,Silbert,msilbertly@dell.com,Female,124.242.33.228,10/09/2021,1295
792,Merwyn,Grahame,mgrahamelz@wikia.com,Genderqueer,163.106.44.185,21/11/2021,1236
793,Wolfy,Huyhton,whuyhtonm0@bravesites.com,Non-binary,39.90.136.243,06/08/2021,1460
794,Beverie,Attenborrow,battenborrowm1@rambler.ru,Male,189.51.18.167,03/06/2021,1217
795,Darla,Tomeo,dtomeom2@bing.com,Bigender,165.98.228.135,01/12/2021,1368
796,Madelin,Dawtre,mdawtrem3@github.com,Polygender,78.147.44.121,05/05/2021,1281
797,Almeria,Hansford,ahansfordm4@yolasite.com,Female,231.1.48.93,25/02/2021,1411
798,Dionysus,Wands,dwandsm5@wikia.com,Male,90.121.103.106,03/10/2021,1317
799,Tripp,Dedham,tdedhamm6@usa.gov,Genderqueer,252.161.214.148,24/03/2021,1293
800,Herbert,Cawt,hcawtm7@nifty.com,Non-binary,99.21.73.231,16/05/2021,1471
801,Horatio,Altofts,haltoftsm8@wikipedia.org,Genderfluid,249.250.29.162,25/04/2021,1345
802,Ugo,Woollcott,uwoollcottm9@blinklist.com,Genderqueer,123.39.38.156,18/11/2021,1251
803,Phillida,Arendt,parendtma@bbc.co.uk,Bigender,211.9.196.35,18/10/2021,1403
804,Lib,Tuminelli,ltuminellimb@netlog.com,Genderqueer,60.115.187.241,11/07/2021,1256
805,Michaella,Hallibone,mhallibonemc@com.com,Male,177.77.1.51,08/03/2021,1318
806,Trevar,Abernethy,tabernethymd@com.com,Genderfluid,25.199.209.53,14/11/2021,1428
807,Padraig,Lithcow,plithcowme@furl.net,Genderqueer,87.120.180.144,30/03/2021,1235
808,Demetris,Kyneton,dkynetonmf@irs.gov,Agender,253.116.163.236,24/06/2021,1200
809,Ally,Cossey,acosseymg@cornell.edu,Non-binary,130.8.125.134,15/09/2021,1394
810,Helene,Goodere,hgooderemh@macromedia.com,Bigender,121.80.204.13,18/09/2021,1298
811,Fraser,Wasielewicz,fwasielewiczmi@dagondesign.com,Male,104.191.175.176,20/07/2021,1391
812,Kile,Hillatt,khillattmj@lulu.com,Non-binary,112.16.82.3,16/04/2021,1446
813,Bowie,Johnston,bjohnstonmk@infoseek.co.jp,Non-binary,75.141.92.141,04/04/2021,1225
814,Yorke,Philbrick,yphilbrickml@odnoklassniki.ru,Genderqueer,26.7.78.161,01/06/2021,1262
815,Lenard,Laffling,llafflingmm@google.pl,Bigender,250.60.53.132,21/05/2021,1346
816,Yale,Tribble,ytribblemn@ebay.com,Agender,169.246.242.198,22/01/2021,1447
817,Zonnya,Snowball,zsnowballmo@epa.gov,Polygender,101.144.174.51,14/08/2021,1230
818,Pandora,Casetta,pcasettamp@unblog.fr,Female,211.217.217.196,25/11/2021,1387
819,Des,Robbey,drobbeymq@uol.com.br,Genderqueer,181.192.149.39,04/02/2021,1298
820,Tory,Lowseley,tlowseleymr@state.gov,Polygender,79.251.12.173,25/11/2021,1342
821,Gradey,Swidenbank,gswidenbankms@unesco.org,Genderfluid,117.17.126.55,07/10/2021,1313
822,Cointon,Andreoletti,candreolettimt@mediafire.com,Non-binary,122.21.168.153,17/04/2021,1487
823,Dacey,Sprague,dspraguemu@paypal.com,Polygender,190.176.100.156,01/10/2021,1494
824,Archambault,Dingley,adingleymv@independent.co.uk,Male,145.32.220.220,25/01/2021,1409
825,Karleen,O'Sharry,kosharrymw@themeforest.net,Polygender,33.112.238.182,16/05/2021,1492
826,Parnell,Gasnell,pgasnellmx@dailymotion.com,Male,183.15.62.105,11/06/2021,1424
827,Trixie,Fitchet,tfitchetmy@mlb.com,Genderqueer,0.180.81.186,09/11/2021,1289
828,Kennan,Geary,kgearymz@yandex.ru,Genderqueer,105.151.88.163,01/01/2021,1240
829,Bride,Arnault,barnaultn0@noaa.gov,Agender,51.250.1.94,23/07/2021,1285
830,Brana,Pettecrew,bpettecrewn1@360.cn,Female,20.198.31.138,07/06/2021,1338
831,Benny,Harkin,bharkinn2@smh.com.au,Genderfluid,187.66.128.160,17/06/2021,1220
832,Minette,Alcock,malcockn3@stumbleupon.com,Bigender,253.60.12.233,25/09/2021,1376
833,Worth,Ciccottini,wciccottinin4@earthlink.net,Female,25.69.39.35,26/04/2021,1259
834,Nan,Clarae,nclaraen5@biblegateway.com,Non-binary,151.144.88.110,09/02/2021,1400
835,Judi,Vost,jvostn6@dagondesign.com,Genderfluid,142.2.136.107,15/09/2021,1489
836,Leena,Hrishanok,lhrishanokn7@npr.org,Polygender,92.227.72.239,15/06/2021,1260
837,Jorgan,Antonacci,jantonaccin8@netscape.com,Bigender,157.169.18.22,14/12/2021,1373
838,Christabella,Pietruszka,cpietruszkan9@over-blog.com,Agender,223.146.242.69,01/05/2021,1201
839,Kore,Marval,kmarvalna@is.gd,Genderfluid,65.92.243.230,03/06/2021,1254
840,Gottfried,Aberdeen,gaberdeennb@sciencedaily.com,Male,218.220.208.54,08/07/2021,1331
841,Shaylah,Symes,ssymesnc@nymag.com,Female,80.12.177.71,03/10/2021,1462
842,Nils,Kellar,nkellarnd@mediafire.com,Female,244.213.107.102,13/05/2021,1205
843,Tades,Lambersen,tlambersenne@archive.org,Genderqueer,15.17.34.206,03/12/2021,1351
844,Eliot,Cabell,ecabellnf@uiuc.edu,Bigender,58.164.201.61,15/09/2021,1304
845,Karyl,Ounsworth,kounsworthng@github.com,Polygender,25.32.21.78,23/05/2021,1289
846,Pattie,Gitthouse,pgitthousenh@oracle.com,Female,128.56.212.181,23/12/2021,1265
847,Nollie,Markos,nmarkosni@uol.com.br,Genderfluid,106.73.53.255,17/08/2021,1379
848,Vidovik,Walbrun,vwalbrunnj@bbc.co.uk,Polygender,125.39.28.80,20/09/2021,1201
849,Damaris,Scollan,dscollannk@blogtalkradio.com,Polygender,108.237.124.121,02/12/2021,1332
850,Merrie,Humphris,mhumphrisnl@biglobe.ne.jp,Agender,131.93.110.51,06/05/2021,1473
851,Odette,Lavington,olavingtonnm@mail.ru,Non-binary,227.11.49.173,04/09/2021,1415
852,Deirdre,MacGiany,dmacgianynn@nymag.com,Female,134.47.123.0,01/07/2021,1307
853,Prescott,Methley,pmethleyno@bluehost.com,Genderfluid,154.171.106.214,29/10/2021,1455
854,Gawain,Gilardi,ggilardinp@ed.gov,Agender,250.124.20.74,26/01/2021,1326
855,Nicol,Lippard,nlippardnq@chron.com,Non-binary,95.39.36.126,30/01/2021,1487
856,Peyton,Plewman,pplewmannr@soundcloud.com,Bigender,42.146.243.146,16/07/2021,1474
857,Talbert,Guyonneau,tguyonneauns@jigsy.com,Male,171.227.230.161,17/04/2021,1484
858,Anneliese,Brugsma,abrugsmant@cdc.gov,Male,123.186.97.136,24/06/2021,1385
859,Kayle,Coonan,kcoonannu@princeton.edu,Non-binary,81.47.218.53,14/09/2021,1331
860,Lira,McNickle,lmcnicklenv@aol.com,Genderfluid,160.20.32.91,28/09/2021,1461
861,Gasparo,Rowlands,growlandsnw@dot.gov,Agender,74.32.97.62,18/07/2021,1344
862,Deanne,Agar,dagarnx@soup.io,Bigender,25.55.100.211,29/12/2021,1457
863,John,Swinbourne,jswinbourneny@bbc.co.uk,Female,24.141.22.197,28/04/2021,1460
864,Jacinthe,Cosslett,jcosslettnz@umich.edu,Male,86.92.98.156,03/12/2021,1450
865,Doralynn,Ainge,daingeo0@nationalgeographic.com,Genderfluid,2.167.70.139,27/03/2021,1422
866,Davis,Newnham,dnewnhamo1@msn.com,Agender,103.109.34.10,03/06/2021,1449
867,Cece,McAuslene,cmcausleneo2@unicef.org,Female,196.147.130.240,15/09/2021,1236
868,Althea,Dahlberg,adahlbergo3@dropbox.com,Male,187.207.230.122,28/05/2021,1425
869,Nanete,Birdseye,nbirdseyeo4@sun.com,Bigender,26.84.178.170,09/10/2021,1416
870,Blanch,Silley,bsilleyo5@exblog.jp,Male,93.2.64.159,14/10/2021,1370
871,Ker,Soall,ksoallo6@disqus.com,Male,236.129.186.24,04/01/2021,1479
872,Hazlett,Borzoni,hborzonio7@vimeo.com,Female,56.248.62.17,30/09/2021,1202
873,Jimmy,Stapley,jstapleyo8@ycombinator.com,Polygender,214.77.123.114,05/05/2021,1203
874,Christie,Savine,csavineo9@amazon.co.uk,Polygender,244.91.206.26,29/10/2021,1398
875,Audy,Bendall,abendalloa@flickr.com,Genderfluid,131.215.171.254,27/11/2021,1298
876,Annemarie,Indruch,aindruchob@comcast.net,Genderqueer,116.149.10.176,03/03/2021,1443
877,Gene,Harcus,gharcusoc@squarespace.com,Male,31.242.245.151,19/08/2021,1251
878,Charis,Jaulme,cjaulmeod@mit.edu,Female,109.196.102.134,21/08/2021,1435
879,Thadeus,Blower,tbloweroe@mail.ru,Polygender,152.21.85.95,08/06/2021,1467
880,Carita,Manthorpe,cmanthorpeof@prlog.org,Polygender,190.241.184.254,02/02/2021,1202
881,Anatole,Robson,arobsonog@merriam-webster.com,Male,94.202.119.49,13/07/2021,1365
882,Ari,O'Connolly,aoconnollyoh@ft.com,Non-binary,169.135.71.217,01/06/2021,1450
883,Artus,Woolfitt,awoolfittoi@wikimedia.org,Genderfluid,202.103.214.211,13/02/2021,1257
884,Rhianon,Gingel,rgingeloj@123-reg.co.uk,Genderqueer,42.91.94.69,17/11/2021,1213
885,Sandie,Labbey,slabbeyok@google.es,Agender,10.109.91.15,16/02/2021,1251
886,Marchall,Guillond,mguillondol@unesco.org,Male,76.160.35.89,19/10/2021,1254
887,Cullie,Rucklidge,crucklidgeom@forbes.com,Non-binary,111.186.127.143,24/03/2021,1384
888,Hatti,Cornes,hcorneson@zdnet.com,Female,66.113.223.166,04/01/2021,1266
889,Tim,Gunthorp,tgunthorpoo@loc.gov,Genderfluid,70.146.225.32,02/01/2021,1259
890,Georgeta,Conrart,gconrartop@mysql.com,Non-binary,87.70.111.15,01/06/2021,1262
891,Derron,Veld,dveldoq@blogspot.com,Genderfluid,56.186.196.56,24/05/2021,1432
892,Craggie,Kits,ckitsor@homestead.com,Male,245.120.169.251,05/04/2021,1388
893,Jillie,Kennan,jkennanos@nationalgeographic.com,Genderfluid,52.222.2.61,26/10/2021,1411
894,Bobbi,MacCheyne,bmaccheyneot@noaa.gov,Genderfluid,6.189.83.115,10/05/2021,1299
895,Raddie,Egel,regelou@feedburner.com,Male,41.82.65.205,12/07/2021,1388
896,Hollis,Dudgeon,hdudgeonov@woothemes.com,Male,152.14.116.4,31/03/2021,1457
897,Horacio,Werrilow,hwerrilowow@chicagotribune.com,Male,88.63.65.219,22/01/2021,1438
898,Isak,Barber,ibarberox@harvard.edu,Non-binary,219.163.93.56,22/12/2021,1465
899,Zorina,Halladay,zhalladayoy@hostgator.com,Female,169.94.105.149,11/09/2021,1231
900,Eva,O'Keefe,eokeefeoz@pen.io,Bigender,202.148.91.246,27/06/2021,1461
901,Jareb,De la Yglesia,jdelayglesiap0@csmonitor.com,Agender,205.200.69.178,12/04/2021,1223
902,Nedda,Sangster,nsangsterp1@hexun.com,Genderqueer,218.43.204.183,28/09/2021,1305
903,Jorgan,Podd,jpoddp2@acquirethisname.com,Polygender,62.184.42.214,28/06/2021,1375
904,Marigold,Elbourn,melbournp3@webmd.com,Male,98.195.170.183,17/07/2021,1363
905,Morrie,Branchflower,mbranchflowerp4@is.gd,Female,57.255.87.176,09/04/2021,1308
906,Ginni,Healks,ghealksp5@wired.com,Genderfluid,11.94.63.149,08/10/2021,1259
907,Marissa,Lewson,mlewsonp6@creativecommons.org,Bigender,255.93.136.62,30/05/2021,1325
908,Nerti,Katz,nkatzp7@skype.com,Non-binary,106.136.100.110,20/11/2021,1442
909,Hardy,Antony,hantonyp8@nature.com,Non-binary,45.209.179.179,22/06/2021,1246
910,Fons,Covert,fcovertp9@google.fr,Bigender,29.187.41.3,20/02/2021,1325
911,Erastus,Jotcham,ejotchampa@independent.co.uk,Agender,235.191.191.127,01/02/2021,1413
912,Maurie,Decort,mdecortpb@tripod.com,Non-binary,44.227.96.118,07/08/2021,1285
913,Micky,Baribal,mbaribalpc@hud.gov,Male,235.159.42.69,22/03/2021,1485
914,Brandice,Giraldez,bgiraldezpd@seattletimes.com,Non-binary,52.156.149.91,12/01/2021,1365
915,Nikki,Tsar,ntsarpe@toplist.cz,Polygender,215.85.199.10,29/11/2021,1386
916,Hayes,Beckley,hbeckleypf@nsw.gov.au,Bigender,236.60.105.110,23/08/2021,1259
917,Clim,Fost,cfostpg@pcworld.com,Agender,211.163.33.4,13/07/2021,1487
918,Bogey,Cuell,bcuellph@telegraph.co.uk,Genderfluid,219.76.20.151,02/11/2021,1470
919,Ana,Fawltey,afawlteypi@jigsy.com,Non-binary,94.154.234.190,12/12/2021,1415
920,Gardener,Tixier,gtixierpj@drupal.org,Polygender,19.58.205.90,29/03/2021,1316
921,Mady,Catenot,mcatenotpk@usgs.gov,Genderfluid,226.137.82.5,20/04/2021,1355
922,Hollis,Scrange,hscrangepl@naver.com,Male,72.147.126.250,17/11/2021,1239
923,Holly,Fransson,hfranssonpm@e-recht24.de,Bigender,168.214.22.248,04/06/2021,1496
924,Otha,Crossfield,ocrossfieldpn@irs.gov,Genderfluid,90.234.179.30,09/12/2021,1303
925,Windy,Steptowe,wsteptowepo@xinhuanet.com,Genderqueer,134.218.82.55,14/06/2021,1415
926,Astrid,Orro,aorropp@cnbc.com,Genderqueer,184.96.218.106,18/06/2021,1249
927,Andris,Longhorne,alonghornepq@sbwire.com,Polygender,156.169.182.10,18/01/2021,1409
928,Piotr,Attersoll,pattersollpr@ehow.com,Agender,120.205.50.150,15/11/2021,1377
929,Claudianus,Castanie,ccastanieps@msn.com,Genderfluid,186.51.0.37,05/12/2021,1431
930,Budd,Galle,bgallept@imageshack.us,Non-binary,8.38.132.179,30/07/2021,1456
931,Annabelle,Osban,aosbanpu@soup.io,Male,110.94.159.250,16/06/2021,1216
932,Tiffanie,Spiteri,tspiteripv@si.edu,Female,170.135.59.55,16/11/2021,1436
933,Jennica,Bratten,jbrattenpw@homestead.com,Male,13.185.178.122,13/06/2021,1454
934,Israel,Ambrozewicz,iambrozewiczpx@51.la,Genderfluid,94.144.0.93,17/07/2021,1318
935,Babara,Northin,bnorthinpy@yahoo.com,Non-binary,209.69.21.54,24/07/2021,1262
936,Blair,Rupp,brupppz@fema.gov,Bigender,106.23.201.51,23/03/2021,1285
937,Yasmin,Matczak,ymatczakq0@java.com,Genderfluid,28.26.56.18,25/03/2021,1265
938,Bren,Schreurs,bschreursq1@mac.com,Genderfluid,196.60.46.118,23/02/2021,1209
939,Elberta,Osgood,eosgoodq2@cargocollective.com,Female,43.117.228.5,25/07/2021,1326
940,George,Frobisher,gfrobisherq3@miitbeian.gov.cn,Bigender,87.123.141.77,30/01/2021,1275
941,Shawna,Nice,sniceq4@illinois.edu,Male,175.89.43.221,27/02/2021,1419
942,Gracia,Hissie,ghissieq5@wikia.com,Agender,135.152.181.238,04/10/2021,1473
943,Maye,Elloy,melloyq6@google.com.au,Male,140.53.197.77,25/06/2021,1385
944,Isaac,Westmacott,iwestmacottq7@intel.com,Non-binary,99.242.89.220,30/12/2021,1242
945,Kat,Padberry,kpadberryq8@weather.com,Male,99.72.232.42,28/07/2021,1267
946,Kathe,Nisbet,knisbetq9@digg.com,Agender,205.219.222.133,24/05/2021,1206
947,Tomkin,Ellesworth,tellesworthqa@who.int,Non-binary,239.68.15.184,04/11/2021,1301
948,Colver,Counsell,ccounsellqb@springer.com,Genderfluid,115.229.29.183,01/07/2021,1449
949,Eloisa,Bazoche,ebazocheqc@icio.us,Genderqueer,75.44.214.129,13/08/2021,1214
950,Halette,Hylden,hhyldenqd@yahoo.co.jp,Genderqueer,1.54.26.173,22/12/2021,1203
951,Shantee,Whiley,swhileyqe@yellowpages.com,Genderfluid,46.78.173.142,09/04/2021,1356
952,Berkeley,Gillise,bgilliseqf@newyorker.com,Male,80.119.58.111,21/07/2021,1488
953,Gilemette,Mugford,gmugfordqg@paypal.com,Bigender,73.89.78.232,12/01/2021,1289
954,Sonnie,McMenemy,smcmenemyqh@pbs.org,Bigender,216.19.169.229,11/07/2021,1302
955,Farlay,Gaitley,fgaitleyqi@seattletimes.com,Polygender,218.46.123.6,23/04/2021,1446
956,Torey,Droogan,tdrooganqj@zdnet.com,Agender,245.117.194.165,19/06/2021,1378
957,Mabel,Ewbanche,mewbancheqk@google.co.uk,Non-binary,72.45.16.173,10/06/2021,1493
958,Marietta,McClintock,mmcclintockql@mozilla.org,Polygender,200.112.125.186,29/10/2021,1452
959,Wait,Jewer,wjewerqm@howstuffworks.com,Non-binary,9.156.168.140,09/07/2021,1407
960,Toiboid,Schuricke,tschurickeqn@yellowbook.com,Polygender,138.60.26.219,03/02/2021,1471
961,Byram,Weyman,bweymanqo@craigslist.org,Genderfluid,237.33.213.45,20/12/2021,1213
962,Dougie,Steffans,dsteffansqp@shutterfly.com,Bigender,148.185.95.15,22/12/2021,1466
963,Park,Lever,pleverqq@smh.com.au,Female,10.225.240.193,07/12/2021,1413
964,Jenna,Tripon,jtriponqr@thetimes.co.uk,Genderqueer,250.241.177.80,24/09/2021,1320
965,Charlotte,Berthomier,cberthomierqs@jiathis.com,Non-binary,183.244.150.138,25/01/2021,1368
966,Josee,Espino,jespinoqt@bloomberg.com,Female,232.198.51.101,10/03/2021,1445
967,Kippy,Hillatt,khillattqu@cdbaby.com,Male,86.20.185.107,18/02/2021,1494
968,Danell,Forryan,dforryanqv@stanford.edu,Agender,91.243.45.76,08/09/2021,1366
969,Darbie,Allone,dalloneqw@smugmug.com,Genderqueer,190.156.122.174,18/07/2021,1259
970,Archibald,Shale,ashaleqx@bbc.co.uk,Polygender,181.183.13.162,24/07/2021,1256
971,Shayna,Lude,sludeqy@wiley.com,Genderqueer,135.239.99.147,03/10/2021,1395
972,Ramsey,Marchant,rmarchantqz@acquirethisname.com,Female,255.35.38.44,11/02/2021,1421
973,Abigael,Minget,amingetr0@constantcontact.com,Bigender,232.165.124.118,23/05/2021,1357
974,Elvera,Killiner,ekillinerr1@over-blog.com,Bigender,77.142.188.6,21/12/2021,1249
975,Halimeda,Poulden,hpouldenr2@jiathis.com,Non-binary,25.196.255.124,18/04/2021,1275
976,Earlie,O'Daly,eodalyr3@aboutads.info,Genderqueer,223.41.159.177,13/07/2021,1318
977,Yorker,Boyland,yboylandr4@instagram.com,Genderfluid,140.77.88.28,15/03/2021,1464
978,Nikolas,Clift,ncliftr5@noaa.gov,Genderqueer,9.46.170.122,17/05/2021,1469
979,Gwenette,Haws,ghawsr6@pbs.org,Polygender,178.219.215.241,08/07/2021,1281
980,Bondie,Ball,bballr7@icio.us,Polygender,57.182.136.108,25/07/2021,1311
981,Coralie,Hrinchenko,chrinchenkor8@123-reg.co.uk,Genderfluid,138.48.252.72,28/06/2021,1223
982,Maggie,MacConneely,mmacconneelyr9@squarespace.com,Male,64.69.162.245,27/06/2021,1431
983,Brant,Gotliffe,bgotliffera@paginegialle.it,Genderqueer,63.92.246.218,04/10/2021,1382
984,Reginauld,Peddersen,rpeddersenrb@usnews.com,Non-binary,191.148.235.32,13/02/2021,1341
985,Chere,Daile,cdailerc@google.ru,Non-binary,104.102.194.84,23/07/2021,1479
986,Ketty,Jirick,kjirickrd@xinhuanet.com,Agender,98.148.27.249,06/10/2021,1227
987,Wyn,Bingham,wbinghamre@multiply.com,Male,166.202.144.245,18/03/2021,1367
988,Gottfried,Koppen,gkoppenrf@booking.com,Genderqueer,47.128.69.254,15/12/2021,1220
989,Andi,Macey,amaceyrg@blinklist.com,Genderfluid,251.96.123.13,08/01/2021,1380
990,Barclay,Barber,bbarberrh@blog.com,Agender,67.175.200.245,20/07/2021,1390
991,Sibel,Colmer,scolmerri@homestead.com,Male,171.74.48.191,26/10/2021,1302
992,Rakel,Buttwell,rbuttwellrj@ucoz.com,Polygender,197.250.142.4,11/03/2021,1225
993,Salaidh,Madre,smadrerk@issuu.com,Genderqueer,206.29.197.176,18/01/2021,1332
994,Doloritas,Winward,dwinwardrl@usa.gov,Genderqueer,9.13.15.48,19/03/2021,1356
995,Zaneta,Blampied,zblampiedrm@t.co,Genderqueer,185.75.116.66,30/09/2021,1219
996,Roddy,Hutchinson,rhutchinsonrn@mapy.cz,Agender,121.91.147.21,15/04/2021,1212
997,Opalina,Munsey,omunseyro@live.com,Genderqueer,144.46.249.249,10/06/2021,1335
998,Richardo,Synnot,rsynnotrp@redcross.org,Genderqueer,53.79.142.104,30/11/2021,1489
999,Fannie,Sinnott,fsinnottrq@plala.or.jp,Polygender,235.98.100.249,03/05/2021,1283
1000,Mitchel,Illesley,millesleyrr@hhs.gov,Female,73.122.200.192,19/09/2021,1304
